frame,time,mean_abs_qpos_error,ee_target_distance,ee_x,ee_y,ee_z,target_x,target_y,target_z,joint_0_target_qpos,joint_0_current_qpos,joint_0_current_qvel,joint_0_ctrl,joint_0_qpos_error,joint_1_target_qpos,joint_1_current_qpos,joint_1_current_qvel,joint_1_ctrl,joint_1_qpos_error,joint_2_target_qpos,joint_2_current_qpos,joint_2_current_qvel,joint_2_ctrl,joint_2_qpos_error,joint_3_target_qpos,joint_3_current_qpos,joint_3_current_qvel,joint_3_ctrl,joint_3_qpos_error,joint_4_target_qpos,joint_4_current_qpos,joint_4_current_qvel,joint_4_ctrl,joint_4_qpos_error,joint_5_target_qpos,joint_5_current_qpos,joint_5_current_qvel,joint_5_ctrl,joint_5_qpos_error,joint_6_target_qpos,joint_6_current_qpos,joint_6_current_qvel,joint_6_ctrl,joint_6_qpos_error,joint_7_target_qpos,joint_7_current_qpos,joint_7_current_qvel,joint_7_ctrl,joint_7_qpos_error
0,0.11000000000000008,0.2545170627446771,0.839427438730345,0.12916140725846884,4.41743542680336e-05,0.9429581086303633,0.5,8.326672684688691e-21,0.18988629195183818,-2.5319196332355315e-16,8.514102438154269e-05,0.008684186290664258,0.0006011847168689902,-8.514102438179588e-05,1.7628,0.003389897308094112,0.3396106063687869,1.7628,1.7594101026919058,-2.5444597392470573e-16,0.00010904312538615923,0.011086720390706602,0.0007734679561648693,-0.00010904312538641367,-0.0698,-0.06604511779176421,-0.1472546422764173,-0.0698,-0.0037548822082357908,-3.012430107938394e-16,0.00017959835641309557,0.019154288950031628,0.0015276404916248906,-0.0001795983564133968,-0.0175,0.20072392587740076,-0.043828556912724984,-0.0175,-0.21822392587740075,-2.1004520461535527e-17,-0.0469898519581387,0.12726171053924076,-0.11197511827734646,0.04698985195813868,0.0,2.2810838316015073e-06,1.558177807629488e-07,1.2845758204572277e-05,-2.2810838316015073e-06
1,0.12000000000000009,0.2535943532907118,0.837199057361927,0.13271831967041153,-0.00035814275105424504,0.9422219517438216,0.5,7.216449660063538e-21,0.18988804936021708,-2.5319196332355315e-16,-0.0006784255520541364,-0.08368524399960872,-0.009365314485718625,0.0006784255520538833,1.7628,0.008657150687868088,0.6540414421404768,1.7628,1.7541428493121318,-2.5444597392470573e-16,-0.0008684688452068451,-0.10682779616470661,-0.011959065393797912,0.0008684688452065906,-0.0698,-0.06720017371267557,-0.09691036081704783,-0.0698,-0.0025998262873244277,-3.012430107938394e-16,-0.0014634331947259488,-0.186026688595046,-0.0205910758013388,0.0014634331947256476,-0.0175,0.20079608371170546,0.03956458529676511,-0.0175,-0.21829608371170545,-2.1004520461535527e-17,-0.04116049572658967,0.8917934981533778,0.24865710512586867,0.04116049572658965,0.0,7.949191793047692e-06,-0.0006742356118454751,0.0,-7.949191793047692e-06
2,0.1300000000000001,0.25240219147769133,0.8336681023034482,0.1382846027349334,0.0016101726314721346,0.9409963964710344,0.5,6.6613381477509605e-21,0.1898892912432217,-2.5319196332355315e-16,0.006914613808275051,0.8352833453621104,0.08911264841603979,-0.006914613808275304,1.7628,0.017459970350346382,1.015402243346081,1.7628,1.7453400296496535,-2.5444597392470573e-16,0.009257700889976718,1.0618385797450087,0.11377554692635934,-0.009257700889976973,-0.0698,-0.06793253230732318,-0.05860847255170551,-0.0698,-0.0018674676926768163,-3.012430107938394e-16,-0.004906873351664293,-0.034538669287466434,0.1977341541528512,0.004906873351663992,-0.0175,0.2008258888496074,-0.011503406315674048,-0.0175,-0.2183258888496074,-2.1004520461535527e-17,-0.03611752605816329,0.29577488485305226,-0.5625095323406606,0.03611752605816327,0.0,1.3256121394128724e-05,0.0004073502369240166,0.0006106420775010936,-1.3256121394128724e-05
3,0.1400000000000001,0.25284291955267646,0.8290510923406695,0.1453921390901084,0.0009697085658146753,0.9392752737515672,0.5,4.718447854656937e-21,0.1898901669089867,-2.5319196332355315e-16,0.0013629325048386456,-1.402102665202667,-0.8906002558283128,-0.0013629325048388988,1.7628,0.02904372291610194,1.2509335320963588,1.7628,1.733756277083898,-2.5444597392470573e-16,-0.0009874719387693155,-2.3218399747650507,-1.1359001868648244,0.0009874719387690612,-0.0698,-0.06835500157754419,-0.03233098028064799,-0.0698,-0.0014449984224558093,-3.012430107938394e-16,0.008348523897871959,1.8382703473873492,0.07379365610077837,-0.008348523897872261,-0.0175,0.2002585219785474,-0.07880985306527277,-0.0175,-0.2177585219785474,-2.1004520461535527e-17,-0.03333902301388082,0.2661955873577098,-0.006834676387746097,0.0333390230138808,0.0,2.4653064967529528e-06,-0.0008768988797859187,0.0,-2.4653064967529528e-06
4,0.1500000000000001,0.24962502676834486,0.8231441014823192,0.1543250903464683,0.0010386166989743227,0.9369342828792886,0.5,1.0547118733939009e-20,0.18989078353235644,-2.5319196332355315e-16,0.001683440622042118,0.9492269068206753,1.3911992051639557,-0.0016834406220423712,1.7628,0.043885506445278104,1.6370940375725855,1.7628,1.7189144935547218,-2.5444597392470573e-16,-0.001210116731854869,1.474693768406195,2.3297397502752033,0.0012101167318546147,-0.0698,-0.06855505465578583,-0.012816077646223313,-0.0698,-0.0012449453442141684,-3.012430107938394e-16,0.008687760926232831,-1.1339653643215866,-1.9050585385703274,-0.008687760926233133,-0.0175,0.1991780349402322,-0.1324511585141715,-0.0175,-0.2166780349402322,-2.1004520461535527e-17,-0.029704503402183627,0.3201599307419826,0.0005165967533365956,0.029704503402183606,0.0,5.402316853667707e-06,0.0002737835909912451,0.000857176427811895,-5.402316853667707e-06
5,0.16000000000000011,0.24726608722979193,0.816051487984117,0.16503809689042392,0.000274109115115095,0.9340286236403998,0.5,1.2989609388114334e-19,0.18989121739710704,-2.5319196332355315e-16,-0.0017094263562592216,-1.1560910829256776,-0.9626944317970143,0.0017094263562589683,1.7628,0.061730639476252194,1.88362196952502,1.7628,1.7010693605237477,-2.5444597392470573e-16,-0.008754074175975231,-2.2082613696327247,-1.465012834551358,0.008754074175974976,-0.0698,-0.06860659403455564,-0.0007085601818341081,-0.0698,-0.001193405965444358,-3.012430107938394e-16,0.015586035386957879,1.8675505263457404,1.0644632769117215,-0.01558603538695818,-0.0175,0.1986204651091204,-0.007419073905597432,-0.0175,-0.21612046510912042,-2.1004520461535527e-17,-0.028959520927225993,-0.06078556257546895,-0.08252390352451378,0.028959520927225972,0.0,-5.67399163187326e-07,-0.0004682231208937574,0.0,5.67399163187326e-07
6,0.17000000000000012,0.24667410698048672,0.8076110929645649,0.1776359707629864,0.0006464798786947701,0.9303756156671957,0.5,1.2989609388114334e-19,0.18989152252456556,-2.5319196332355315e-16,-0.001122312285289493,0.8215894851719177,1.1697664937757495,0.0011223122852892398,1.7628,0.082847926460786,2.261843937527234,1.7628,1.679952073539214,-2.5444597392470573e-16,-0.007283258281563557,1.6852454741045184,2.2782939630405243,0.007283258281563303,-0.0698,-0.06856079081297368,0.007484453128345756,-0.0698,-0.001239209187026316,-3.012430107938394e-16,0.016536694442793414,-1.0483142403518506,-1.9922388094414059,-0.016536694442793716,-0.0175,0.1982163181726866,-0.05404168482642682,-0.0175,-0.2157163181726866,-2.1004520461535527e-17,-0.02619508741374238,0.460403648122879,0.29246172999327674,0.02619508741374236,0.0,4.213081041513534e-06,0.00037435112059206767,0.000472762314199256,-4.213081041513534e-06
7,0.18000000000000013,0.24350614580041963,0.7978783679515103,0.1919554782430456,0.0002063824877488602,0.9259069679194579,0.5,2.9060087669563482e-19,0.18989173705343582,-2.5319196332355315e-16,-0.0033173080422498474,-0.8658519710919963,-0.8126109868896038,0.003317308042249594,1.7628,0.10698901247872206,2.5162820205961323,1.7628,1.6558109875212779,-2.5444597392470573e-16,-0.013555576546464995,-2.139828810888103,-1.626979407852012,0.01355557654646474,-0.0698,-0.06846025719579416,0.011415519278161656,-0.0698,-0.0013397428042058457,-3.012430107938394e-16,0.023964705187746876,1.897571084234587,0.9160206848095009,-0.023964705187747178,-0.0175,0.19804241860548577,0.01069380296910076,-0.0175,-0.21554241860548579,-2.1004520461535527e-17,-0.02462850368699644,-0.006873432077259448,-0.2508429488129401,0.024628503686996418,0.0,-1.1992650161037321e-06,-0.00042057283810956127,0.0,1.1992650161037321e-06
8,0.19000000000000014,0.24227005520743045,0.7866855818580567,0.2080657075475592,0.0008587949811420127,0.9204039247657765,0.5,4.057865155004948e-19,0.18989188785959205,-2.5319196332355315e-16,-0.0026648454473689478,0.6373903897933283,0.8923904354299931,0.0026648454473686945,1.7628,0.13441307748080977,2.891973547294496,1.7628,1.6283869225191903,-2.5444597392470573e-16,-0.010468455951856977,1.9126753705586361,2.2482734232598207,0.010468455951856722,-0.0698,-0.06833301529088108,0.013266183586422028,-0.0698,-0.0014669847091189209,-3.012430107938394e-16,0.025608165776901688,-0.9510564173851419,-2.0892887257365644,-0.02560816577690199,-0.0175,0.19771824453367434,-0.05118376973748505,-0.0175,-0.21521824453367433,-2.1004520461535527e-17,-0.02147335203064527,0.49162867634713914,0.2039014615732308,0.021473352030645248,0.0,3.803518975312596e-06,0.0003868324426894345,0.00043016695823839114,-3.803518975312596e-06
9,0.20000000000000015,0.23816134681096646,0.77407828987485,0.22581728538712736,0.0007267238240988906,0.9137846031171655,0.5,4.515832152662825e-19,0.1898919938610882,-2.5319196332355315e-16,-0.0038386376275896953,-0.5761402632015425,-0.6160716262143787,0.003838637627589442,1.7628,0.16491073316305213,3.155362098700071,1.7628,1.5978892668369478,-2.5444597392470573e-16,-0.015696556105804543,-2.1197927524862124,-1.8289277229437824,0.01569655610580429,-0.0698,-0.06820085139665216,0.013037444954496422,-0.0698,-0.0015991486033478386,-3.012430107938394e-16,0.03349688185832351,1.908184943074077,0.746191091169926,-0.03349688185832381,-0.0175,0.19752058707055148,0.010875570176621396,-0.0175,-0.2150205870705515,-2.1004520461535527e-17,-0.02069708255204265,-0.15936920310998492,-0.3198418601019771,0.02069708255204263,0.0,-1.3916431618151541e-06,-0.00040384757570871956,0.0,1.3916431618151541e-06
10,0.21000000000000016,0.23602994403722113,0.7598741949221495,0.24521236009212924,0.0016238028668168238,0.9057757278543745,0.5,4.723998969780042e-19,0.1898920683656195,-2.5319196332355315e-16,-0.003279223252845758,0.43647492195240495,0.6068493642222581,0.003279223252845505,1.7628,0.19874509525358172,3.534997533482828,1.7628,1.5640549047464183,-2.5444597392470573e-16,-0.011100326370984195,2.151757065687881,2.2453652013326466,0.01110032637098394,-0.0698,-0.0680761714639449,0.01194173038395054,-0.0698,-0.0017238285360550998,-3.012430107938394e-16,0.03582569843646545,-0.8434336338658545,-2.176159997940667,-0.03582569843646575,-0.0175,0.19685020334939124,-0.10155796617499084,-0.0175,-0.21435020334939126,-2.1004520461535527e-17,-0.01850015348263638,0.4259107679946203,0.32494586352632593,0.01850015348263636,0.0,3.5453520390614837e-06,0.0003750071409880241,0.0004149807210032408,-3.5453520390614837e-06
11,0.22000000000000017,0.23110473544085441,0.7441220116002765,0.26614411849207664,0.0017963472141954854,0.8963096799468264,0.5,4.951594689828199e-19,0.1898921207306925,-2.5319196332355315e-16,-0.003711695945840013,-0.32994607422645017,-0.4102411359296409,0.00371169594583976,1.7628,0.23572809396983538,3.8073733172391266,1.7628,1.5270719060301645,-2.5444597392470573e-16,-0.015366750435835342,-2.1178983443502384,-2.062954454720009,0.015366750435835087,-0.0698,-0.06796808812734494,0.010024168271052444,-0.0698,-0.0018319118726550648,-3.012430107938394e-16,0.04421883985152605,1.9204140279508275,0.5568280463741284,-0.044218839851526345,-0.0175,0.19651472182544863,0.01646539389405782,-0.0175,-0.21401472182544862,-2.1004520461535527e-17,-0.018201244694681967,-0.1997548479554096,-0.2779095401335294,0.018201244694681946,0.0,-1.4480149909858234e-06,-0.0003844477115411484,0.0,1.4480149909858234e-06
12,0.23000000000000018,0.2280523148338928,0.7266409204384673,0.28857130737971154,0.0029223026222731153,0.8850873785625202,0.5,5.082045895221654e-19,0.18989215753469807,-2.5319196332355315e-16,-0.0033184523429732548,0.25831116199888393,0.35963964179316826,0.0033184523429730015,1.7628,0.27612835575899886,4.195344971118664,1.7628,1.486671644241001,-2.5444597392470573e-16,-0.009326922637980371,2.388430576436633,2.240832347836919,0.009326922637980116,-0.0698,-0.06787965515383389,0.008008165836226837,-0.0698,-0.0019203448461661138,-3.012430107938394e-16,0.047287480062437166,-0.7290547551866182,-2.2741647467630384,-0.047287480062437465,-0.0175,0.19603842185240292,-0.07550391957794314,-0.0175,-0.2135384218524029,-2.1004520461535527e-17,-0.01640471853646769,0.3857073930985033,0.3453648055128652,0.016404718536467668,0.0,3.2101828657719555e-06,0.0003525622760893295,0.000396031831469035,-3.2101828657719555e-06
13,0.24000000000000019,0.22230889933778675,0.707450638690479,0.3123435438764229,0.0033842602348379304,0.8719918883139454,0.5,5.603850716795477e-19,0.18989218340170197,-2.5319196332355315e-16,-0.003311656893338795,-0.15196636834950372,-0.23176354325509993,0.0033116568933385417,1.7628,0.3197705506333233,4.4767294655836585,1.7628,1.4430294493666767,-2.5444597392470573e-16,-0.012637265158530395,-2.1122086902323294,-2.313815195332792,0.01263726515853014,-0.0698,-0.06781359730762618,0.005701103032264413,-0.0698,-0.001986402692373823,-3.012430107938394e-16,0.056246749762554935,1.9398025273162038,0.3507549146871185,-0.05624674976255523,-0.0175,0.19603150703158823,0.056590724656394975,-0.0175,-0.21353150703158824,-2.1004520461535527e-17,-0.016521184946171236,-0.24719949662934776,-0.254469644806762,0.016521184946171216,0.0,-1.4157108548117104e-06,-0.00035532719450965584,0.0,1.4157108548117104e-06
14,0.25000000000000017,0.21840820394526106,0.6863644160014309,0.33733330585381055,0.004723798604209878,0.856685530804058,0.5,5.773159728050813e-19,0.18989220158181513,-2.5319196332355315e-16,-0.0031059872912095592,0.12210744233132735,0.17845962349621206,0.003105987291209306,1.7628,0.36694243703262486,4.878253958965494,1.7628,1.395857562967375,-2.5444597392470573e-16,-0.00522423086787876,2.6084870818285695,2.2133068115005705,0.005224230867878506,-0.0698,-0.06776797588171689,0.0037935692178522303,-0.0698,-0.002032024118283113,-3.012430107938394e-16,0.060093879777870896,-0.6141209541221082,-2.3897765254166456,-0.060093879777871194,-0.0175,0.19589776850098412,-0.045159780082800444,-0.0175,-0.21339776850098413,-2.1004520461535527e-17,-0.015093616440751722,0.3559436128626494,0.37936897619871746,0.015093616440751701,0.0,2.9428367440034088e-06,0.00032929837211051504,0.00036665288134814954,-2.9428367440034088e-06
15,0.2600000000000002,0.21185100160013715,0.6633903911070774,0.3633468186038244,0.00532568375610796,0.8390334594825078,0.5,4.840572387365682e-19,0.18989221435935666,-2.5319196332355315e-16,-0.002724876631474386,0.01912125908500236,-0.0972595440016529,0.0027248766314741327,1.7628,0.4174371179142597,5.158369789073412,1.7628,1.3453628820857402,-2.5444597392470573e-16,-0.007191696623336783,-1.972600112354297,-2.5666932348855416,0.007191696623336529,-0.0698,-0.06774274902196921,0.0018178671488340184,-0.0698,-0.002057250978030792,-3.012430107938394e-16,0.06749814186343198,1.2405147069117741,0.13336991589913866,-0.06749814186343228,-0.0175,0.19627023321788167,0.11218873641796609,-0.0175,-0.2137702332178817,-2.1004520461535527e-17,-0.01574723631205669,-0.33741037991003753,-0.2351946813366358,0.01574723631205667,0.0,-1.541133469792457e-06,-0.00036756182013636564,0.0,1.541133469792457e-06
16,0.2700000000000002,0.20679423235567773,0.6383444932361172,0.3901580483087411,0.006122623535604108,0.8186854732833678,0.5,3.494426970007679e-19,0.1898922233398179,-2.5319196332355315e-16,-0.0037536726431616004,-0.11761162111235451,0.002677753966790701,0.003753672643161347,1.7628,0.4715455690005362,5.579781316885687,1.7628,1.2912544309994638,-2.5444597392470573e-16,0.004188642062325599,3.1060431379338285,2.0301336853409895,-0.004188642062325853,-0.0698,-0.06773253375093366,0.00044048043276063704,-0.0698,-0.002067466249066341,-3.012430107938394e-16,0.06586504731579704,-1.092089649852132,-1.7804998418192324,-0.06586504731579734,-0.0175,0.1964924946779389,-0.02022761592169137,-0.0175,-0.2139924946779389,-2.1004520461535527e-17,-0.014869322879190345,0.3224379351599377,0.4633882704064909,0.014869322879190324,0.0,6.371150577819119e-06,4.904632376948921e-06,0.0003798908878947053,-6.371150577819119e-06
17,0.2800000000000002,0.1994996809971902,0.6112371845237844,0.41750202085654414,0.009012704607537551,0.7954694339265325,0.5,2.450817326860032e-19,0.18989222965158115,-2.5319196332355315e-16,0.006919226603089212,1.5548639838059404,0.1476410022576453,-0.006919226603089465,1.7628,0.5290041186834019,5.8605333887356785,1.7628,1.2337958813165981,-2.5444597392470573e-16,-0.0068028997624915355,-3.57368047675007,-2.8973,0.006802899762491281,-0.0698,-0.06773734940742303,-0.001241333760273065,-0.0698,-0.002062650592576973,-3.012430107938394e-16,0.06519395647632317,0.7005905600022425,0.5651692713257532,-0.06519395647632348,-0.0175,0.19728008003931,0.1605578191176333,-0.0175,-0.21478008003930998,-2.1004520461535527e-17,-0.01631491937677046,-0.43116267485697823,-0.2034833521264151,0.01631491937677044,0.0,2.1916638167539556e-06,-0.0008759875837705566,0.0,-2.1916638167539556e-06
18,0.2900000000000002,0.19323397572887208,0.5818333364316646,0.4450861068155053,0.011283742959212379,0.7690184490558691,0.5,2.0816681711721677e-19,0.18989223408770278,-2.5319196332355315e-16,0.009869043012066253,-0.4623928175463783,-1.6102177966306561,-0.009869043012066507,1.7628,0.5903807524127304,6.321665079771398,1.7628,1.1724192475872695,-2.5444597392470573e-16,0.0007862143514820773,3.5481588670224,2.8973,-0.0007862143514823318,-0.0698,-0.06775671224867734,-0.002390525102256106,-0.0698,-0.0020432877513226616,-3.012430107938394e-16,0.06332437567282531,-0.7672820294247229,-1.2221422118128302,-0.06332437567282562,-0.0175,0.19778236372327387,-0.0021288850149048556,-0.0175,-0.21528236372327386,-2.1004520461535527e-17,-0.015791673936315143,0.319357719564275,0.5616820298711418,0.015791673936315122,0.0,1.1695544009223369e-06,-1.0372263991480897e-05,0.0008584542732365249,-1.1695544009223369e-06
19,0.3000000000000002,0.18493967194861957,0.550166170259226,0.4724545360965219,0.013767993948141558,0.7391958915341055,0.5,1.9484414082171488e-19,0.18989223720556406,-2.5319196332355315e-16,0.015529555623479182,1.1837443712352964,0.3834404734498462,-0.015529555623479435,1.7628,0.6553291334639082,6.609361304355938,1.7628,1.1074708665360917,-2.5444597392470573e-16,-0.005179299855631237,-3.2667271722280673,-2.8973,0.005179299855630983,-0.0698,-0.06778784161866327,-0.003565878254880616,-0.0698,-0.002012158381336726,-3.012430107938394e-16,0.06608124570783769,0.9560425687081,0.26068702404211797,-0.066081245707838,-0.0175,0.19815814204270915,0.1422505510792857,-0.0175,-0.21565814204270917,-2.1004520461535527e-17,-0.018348218456326233,-0.5721615575886545,-0.19302432807375403,0.018348218456326212,0.0,1.4871434551378998e-06,-1.5177267153430433e-05,1.015828784102202e-06,-1.4871434551378998e-06
20,0.3100000000000002,0.17878512171835842,0.516051100784315,0.49919749758242626,0.01625403003824533,0.7056866762785878,0.5,2.431388423929092e-19,0.18989223939690836,-2.5319196332355315e-16,0.01735307972286819,-0.4236615809637211,-1.307980816223132,-0.017353079722868443,1.7628,0.7243045250338588,7.0885192137369835,1.7628,1.0384954749661413,-2.5444597392470573e-16,0.003910765633151146,3.597744345119442,2.8973,-0.0039107656331514,-0.0698,-0.0678292406952912,-0.004533347387973464,-0.0698,-0.0019707593047088023,-3.012430107938394e-16,0.06613539823324072,-0.6191765781459884,-1.484692534370804,-0.06613539823324102,-0.0175,0.19787946962314418,-0.04737220519346299,-0.0175,-0.2153794696231442,-2.1004520461535527e-17,-0.017463687070290657,0.37124918515045857,0.7189473052392642,0.017463687070290636,0.0,1.4676282532435838e-06,-2.259805958378886e-05,3.280119512327234e-06,-1.4676282532435838e-06
21,0.32000000000000023,0.17008876277272486,0.481267955527369,0.5238354430660936,0.018523314083182203,0.6702125543808255,0.5,2.0067281170099698e-19,0.1898922409370649,-2.5319196332355315e-16,0.02174011739551785,0.9839960735501923,0.28483694318077357,-0.021740117395518104,1.7628,0.7929715277802695,6.747064222365141,1.2194445859921466,0.9698284722197305,-2.5444597392470573e-16,-0.0009818984766921364,-3.0657981502455174,-2.8973,0.000981898476691882,-0.0698,-0.06913543344636905,-0.13288939433064964,-0.0698,-0.000664566553630952,-3.012430107938394e-16,0.06764356413291037,0.2796445061172851,0.09009339228006019,-0.06764356413291067,-0.0175,0.19838421752883045,0.12077592395720554,-0.0175,-0.21588421752883047,-2.1004520461535527e-17,-0.02059823757353517,-0.7670481582465518,-0.23153968858813348,0.02059823757353515,0.0,3.742093915133833e-06,-1.1785896846735789e-05,1.085703355784019e-05,-3.742093915133833e-06
22,0.33000000000000024,0.16216810199684534,0.44690703733308307,0.5453669629761588,0.020216111468338415,0.6340307874366841,0.5,1.3739009929736309e-19,0.1898922420195437,-2.5319196332355315e-16,0.023485867210397006,-0.3250898279154222,-1.157917012714337,-0.02348586721039726,1.7628,0.8600174241584704,6.675036660338655,1.0115635553927023,0.9027825758415295,-2.5444597392470573e-16,0.0077919935120841196,3.4235330910039696,2.8973,-0.007791993512084374,-0.0698,-0.070382221911734,-0.11964050346611542,-0.0698,0.0005822219117340016,-3.012430107938394e-16,0.05971759976220631,-1.4922996278415381,-0.8207930191805705,-0.05971759976220661,-0.0175,0.1981938964026466,-0.057038929696065874,-0.0175,-0.21569389640264658,-2.1004520461535527e-17,-0.02032599749524838,0.44199398169429077,0.9318340588348331,0.020325997495248358,0.0,5.043522819103984e-06,9.573115694609183e-05,0.0,-5.043522819103984e-06
23,0.34000000000000025,0.15379814945733322,0.4131576726468786,0.5640144238714275,0.021667033245694103,0.5974851225926997,0.5,3.766431611040843e-19,0.1898922427803501,-2.5319196332355315e-16,0.02744797817267022,0.8458351655383634,0.1372028902322441,-0.027447978172670473,1.7628,0.9252006214933615,6.415815519079934,0.5472239463935811,0.8375993785066385,-2.5444597392470573e-16,0.001765427807394298,-3.2099995489983773,-2.8973,-0.0017654278073945524,-0.0698,-0.07152285371082377,-0.10926103813459176,-0.0698,0.0017228537108237713,-3.012430107938394e-16,0.05546847902629843,0.26471540908721686,1.0145588297438852,-0.05546847902629873,-0.0175,0.19859762058654282,0.049091397039736764,-0.0175,-0.2160976205865428,-2.1004520461535527e-17,-0.02250287874110246,-0.6818929177058999,-0.2793860017323039,0.02250287874110244,0.0,5.522465347129366e-06,8.721954561475869e-05,0.0,-5.522465347129366e-06
24,0.35000000000000026,0.1453262673771023,0.37996664308493827,0.5798083515781957,0.022889308385345298,0.5606770278427675,0.5,3.3362201889985957e-19,0.18989224331507343,-2.5319196332355315e-16,0.02894771028577264,-0.28654609213950494,-1.0654189909197271,-0.028947710285772893,1.7628,0.9890134095563207,6.355411063828149,0.2849795089731737,0.7737865904436793,-2.5444597392470573e-16,0.008243576040012322,3.1434014911678916,2.8973,-0.008243576040012577,-0.0698,-0.072516135117755,-0.09499789191408514,-0.0698,0.0027161351177549947,-3.012430107938394e-16,0.04693235782214183,-1.5807257023981385,-0.7084632412976066,-0.046932357822142126,-0.0175,0.1985109660289954,0.004903893625871068,-0.0175,-0.2160109660289954,-2.1004520461535527e-17,-0.023152800892734176,0.24007010569909956,0.8619159476347193,0.023152800892734155,0.0,6.364589756450599e-06,4.895316563765033e-05,0.0,-6.364589756450599e-06
25,0.36000000000000026,0.137474562652606,0.34749482251237623,0.5929179631275364,0.023373834973825454,0.5239170446260284,0.5,4.546363285840017e-19,0.1898922436908972,-2.5319196332355315e-16,0.031122275762531314,0.38955705014132475,0.054964409853321794,-0.031122275762531567,1.7628,1.0511264732923438,6.121628557326525,-0.16511834027871508,0.7116735267076562,-2.5444597392470573e-16,0.002252293578900444,-2.8109601572835805,-2.8973,-0.0022522935789006985,-0.0698,-0.0734467946290116,-0.09056611360093522,-0.0698,0.0036467946290116016,-3.012430107938394e-16,0.04306231837765866,0.4822454687124533,1.2052668398210016,-0.043062318377658955,-0.0175,0.19845583646098672,-0.03032068470499874,-0.0175,-0.2159558364609867,-2.1004520461535527e-17,-0.02589291315308491,-0.3240161964449522,-0.05484769855722632,0.02589291315308489,0.0,5.030951675457612e-07,-0.0006669571290130181,0.0,-5.030951675457612e-07
26,0.3700000000000003,0.12920080772062476,0.31568393565482766,0.6035577870177109,0.022898850152881917,0.4872266930863034,0.5,4.31876756579186e-19,0.18989224395504037,-2.5319196332355315e-16,0.028947402019247375,-0.6032585769108715,-0.6385352562415773,-0.02894740201924763,1.7628,1.1120324217201578,6.06760156777195,-0.4282403436652755,0.6507675782798421,-2.5444597392470573e-16,0.011828328018140256,3.4000569426271805,2.7929418086523747,-0.01182832801814051,-0.0698,-0.07423491357733401,-0.0753991492793195,-0.0698,0.004434913577334013,-3.012430107938394e-16,0.03624998088185661,-1.433520043437969,-0.8267440157337249,-0.03624998088185691,-0.0175,0.19866782444912567,0.05948366653925176,-0.0175,-0.2161678244491257,-2.1004520461535527e-17,-0.024388745637918006,0.4205224151908342,0.5311595016696313,0.024388745637917986,0.0,4.2408165997418085e-06,0.00031913758537290357,0.000662932367672652,-4.2408165997418085e-06
27,0.3800000000000003,0.12159862671000807,0.28481722425543343,0.6117529066192375,0.022130393551781497,0.45093320792983416,0.5,2.825517597671025e-19,0.18989224414069025,-2.5319196332355315e-16,0.02890122206978053,0.3771479260616025,0.37167936075689045,-0.028901222069780783,1.7628,1.1712817667643258,5.830331234081618,-0.8614609415332133,0.5915182332356741,-2.5444597392470573e-16,0.006824690361932945,-3.028573311727113,-2.8973,-0.006824690361933199,-0.0698,-0.07496633079185977,-0.07003770088822155,-0.0698,0.005166330791859769,-3.012430107938394e-16,0.033147233482125366,0.4173310769290207,1.1435201963831136,-0.033147233482125664,-0.0175,0.19889952204047973,0.04844801908555042,-0.0175,-0.21639952204047974,-2.1004520461535527e-17,-0.027402328312211365,-0.6743698563918049,-0.22541245008749033,0.027402328312211344,0.0,5.40072270022949e-06,-7.681732136845734e-06,0.0,-5.40072270022949e-06
28,0.3900000000000003,0.11367062012709558,0.2549187824155042,0.6176926395408516,0.021242683648837243,0.4150161581886095,0.5,4.113376306236207e-19,0.18989224427117207,-2.5319196332355315e-16,0.02703535941288708,-0.5487995093973058,-0.6083577026198488,-0.027035359412887334,1.7628,1.2293191475703196,5.783791583619178,-1.0981853681962255,0.5334808524296804,-2.5444597392470573e-16,0.013833201092039282,3.1219992832488166,2.8973,-0.013833201092039537,-0.0698,-0.07559091692297734,-0.05986772280108463,-0.0698,0.0057909169229773405,-3.012430107938394e-16,0.0255311892495924,-1.5205450610953868,-0.682508944786026,-0.025531189249592703,-0.0175,0.19938786028129324,0.05773862556565795,-0.0175,-0.21688786028129325,-2.1004520461535527e-17,-0.028259842583329798,0.31950006768397643,0.8935884828894957,0.028259842583329777,0.0,6.099346122323762e-06,4.6381974701073314e-05,0.0,-6.099346122323762e-06
29,0.4000000000000003,0.10635316516474033,0.22631241407283767,0.621548117351974,0.02008384682351603,0.37973429194042724,0.5,-1.3211653993039337e-19,0.18989224436287966,-2.5319196332355315e-16,0.02712233236565509,0.36840414997973403,0.3325166340942072,-0.027122332365655342,1.7628,1.2857566038537824,5.552806147981864,-1.515944764181735,0.4770433961462175,-2.5444597392470573e-16,0.006678146874970834,-3.209742084977827,-2.8973,-0.006678146874971088,-0.0698,-0.07617925508587782,-0.056424714268278664,-0.0698,0.006379255085877819,-3.012430107938394e-16,0.021872957460960674,0.374349158369706,1.3162955470986453,-0.021872957460960976,-0.0175,0.20058820921642428,0.06624094558869456,-0.0175,-0.2180882092164243,-2.1004520461535527e-17,-0.03039571739150531,-0.6745685106908271,-0.09342132701733821,0.03039571739150529,0.0,5.558681415643348e-06,-1.1157612153986452e-05,0.0,-5.558681415643348e-06
30,0.4100000000000003,0.09844819665287849,0.19911077370890812,0.6232575633864964,0.018853958155060836,0.34512497788542734,0.5,-8.543166174490577e-19,0.18989224442733527,-2.5319196332355315e-16,0.02544612585149564,-0.5149109083665657,-0.5853828089049767,-0.025446125851495895,1.7628,1.3410498085214664,5.511250526593509,-1.7364589788121236,0.42175019147853354,-2.5444597392470573e-16,0.011605500432086772,2.8977543855426795,2.8973,-0.011605500432087027,-0.0698,-0.07667034835874785,-0.046973174447250785,-0.0698,0.006870348358747849,-3.012430107938394e-16,0.01374862509817192,-1.5761220181686353,-0.5493328180573938,-0.013748625098172223,-0.0175,0.20082336883889323,-0.037678405627424236,-0.0175,-0.21832336883889325,-2.1004520461535527e-17,-0.029298433678212103,0.6223425946046302,0.9177342498228694,0.029298433678212082,0.0,6.199119216893678e-06,0.00013596122297961658,0.0,-6.199119216893678e-06
31,0.4200000000000003,0.09088109910691985,0.17378367627621788,0.6229156479672239,0.017348091950870344,0.31151277452632065,0.5,-1.6958656701149263e-18,0.18989224447263714,-2.5319196332355315e-16,0.02561891864317624,0.36212947667203743,0.31134190155459857,-0.025618918643176492,1.7628,1.394824977364304,5.2887458112568195,-1.7628,0.3679750226356959,-2.5444597392470573e-16,0.0026543411896363433,-3.354295445210389,-2.8973,-0.002654341189636598,-0.0698,-0.07715053082112958,-0.04625362857023708,-0.0698,0.007350530821129575,-3.012430107938394e-16,0.009677022748406424,0.35142877618789625,1.4661330173832574,-0.009677022748406726,-0.0175,0.1996398827618746,-0.02805742869520292,-0.0175,-0.21713988276187463,-2.1004520461535527e-17,-0.03033077984501605,-0.38653450670411665,-0.3879551251789335,0.030330779845016028,0.0,5.9193722096530056e-06,-9.026003141208168e-05,0.0,-5.9193722096530056e-06
32,0.4300000000000003,0.0825940522521432,0.15084948795190345,0.6209521614541285,0.015832143593181424,0.2786361788559063,0.5,-2.5526802893693907e-18,0.18989224450447703,-2.5319196332355315e-16,0.024057722220875946,-0.49416098242935763,-0.5670808258174493,-0.0240577222208762,1.7628,1.4474702030697038,5.244424202863436,-1.7628,0.31532979693029617,-2.5444597392470573e-16,0.005858545268578473,2.707964806893971,2.8973,-0.0058585452685787276,-0.0698,-0.07753145455940304,-0.036260130994397344,-0.0698,0.0077314545594030365,-3.012430107938394e-16,0.0011777383287186523,-1.6232481608968097,-0.42884495817515006,-0.0011777383287189535,-0.0175,0.19960185122016805,0.021776274920500632,-0.0175,-0.21710185122016806,-2.1004520461535527e-17,-0.026652081827821843,0.8517839138438785,0.6291807454642449,0.026652081827821823,0.0,6.488463443128451e-06,4.2343753140953774e-05,4.290505373485764e-05,-6.488463443128451e-06
33,0.44000000000000034,0.07473945985241326,0.1311557590473367,0.6172600555234725,0.014049606806293677,0.2469406543075296,0.5,-2.9204416662764733e-18,0.18989224452685532,-2.5319196332355315e-16,0.024285438656394258,0.3601505183428849,0.301699204662348,-0.02428543865639451,1.7628,1.4986202724579036,5.030249555325476,-1.7628,0.2641797275420963,-2.5444597392470573e-16,-0.004585057279692653,-3.4794094241234745,-2.7548331690426004,0.004585057279692399,-0.0698,-0.07792759576497721,-0.038449120573381464,-0.0698,0.008127595764977208,-3.012430107938394e-16,-0.0032207336887327418,0.32580842142602484,1.613826254267058,0.0032207336887324404,-0.0175,0.19837013584464583,-0.1094629397201383,-0.0175,-0.21587013584464582,-2.1004520461535527e-17,-0.026230020862962933,-0.3519614441825299,-0.638567259221304,0.026230020862962913,0.0,5.9915981537595665e-06,-0.00011822598795538094,0.0,-5.9915981537595665e-06
34,0.45000000000000034,0.06831308765470692,0.11584946086044706,0.6121690253368572,0.012273325710661975,0.216132915506485,0.5,-2.92516011413113e-18,0.18989224454258363,-2.5319196332355315e-16,0.02280901945798492,-0.48068913746587677,-0.554434027594041,-0.022809019457985174,1.7628,1.5486511708099986,4.980122746883261,-1.7628,0.21414882919000133,-2.5444597392470573e-16,-0.0029356390890329523,2.5328314019415648,2.8973,0.0029356390890326978,-0.0698,-0.07821642076358137,-0.02722851706377867,-0.0698,0.008416420763581373,-3.012430107938394e-16,-0.012195252923291242,-1.685567238148216,-0.3000425519161653,0.01219525292329094,-0.0175,0.19796404663052827,0.008250833293287425,-0.0175,-0.21546404663052826,-2.1004520461535527e-17,-0.02509253501553772,0.37801109155719703,0.5618016110862332,0.0250925350155377,0.0,6.188379046627504e-06,1.4532339790233865e-05,7.029320272530441e-05,-6.188379046627504e-06
35,0.46000000000000035,0.06263349143112551,0.10647634346872058,0.6059244054394649,0.010253005694818415,0.1864126001771487,0.5,-2.8682611841190904e-18,0.18989224455363812,-2.5319196332355315e-16,0.023084067359012254,0.3618419861917466,0.2982169818019954,-0.023084067359012507,1.7628,1.5971602327469887,4.768864305236863,-1.7628,0.16563976725301122,-2.5444597392470573e-16,-0.014667206235203997,-3.5832903346558256,-2.509346289229303,0.014667206235203742,-0.0698,-0.07854829087192777,-0.03239833221411215,-0.0698,0.008748290871927772,-3.012430107938394e-16,-0.016945963055343502,0.30147490599648735,1.7831292615345435,0.0169459630553432,-0.0175,0.19912987790584252,0.11920687469543333,-0.0175,-0.21662987790584254,-2.1004520461535527e-17,-0.02602536213056361,-0.47115825875531836,-0.17727081143289544,0.026025362130563588,0.0,5.320088222717533e-06,-2.7168717745586335e-05,0.0,-5.320088222717533e-06
36,0.47000000000000036,0.05896823186239091,0.10365804184904365,0.5982502328135688,0.008297421614483255,0.1579073389556517,0.5,-2.934319454084287e-18,0.18989224456140763,-2.5319196332355315e-16,0.021622488695384953,-0.4813718402900661,-0.5465145250638467,-0.021622488695385206,1.7628,1.6445719762809732,4.717831529043947,-1.7628,0.11822802371902674,-2.5444597392470573e-16,-0.01409814721628283,2.424440476372782,2.8973,0.014098147216282575,-0.0698,-0.07875700260362245,-0.01940788250221256,-0.0698,0.00895700260362245,-3.012430107938394e-16,-0.0260713838695788,-1.69227874619506,-0.16590720155374175,0.0260713838695785,-0.0175,0.19836482993338528,-0.24332648260312728,-0.0175,-0.2158648299333853,-2.1004520461535527e-17,-0.02268948468911284,0.8604588487002736,0.679361155799827,0.022689484689112818,0.0,6.2210962873185905e-06,9.759757984063526e-05,0.0,-6.2210962873185905e-06
37,0.48000000000000037,0.05344219772783511,0.10754970570774781,0.5896791353848012,0.005822865488888322,0.13137813430881337,0.4991901013100635,-0.00027956757938323967,0.1891832743976618,-2.5319196332355315e-16,0.022082307106372833,0.4115477516027427,0.30839193072698445,-0.022082307106373086,1.7628,1.689604657221305,4.284062602839948,-1.7628,0.07319534277869488,-2.5444597392470573e-16,-0.0281810337844235,-4.030906412313918,-2.3116552986425214,0.028181033784423246,-0.0698,-0.07895979202414806,-0.012011875639312225,-0.0698,0.009159792024148058,-3.012430107938394e-16,-0.032874997895422184,-0.20213003698131454,1.9008498171516879,0.032874997895421885,-0.0175,0.19681631596835186,-0.1459560569259545,-0.0175,-0.21431631596835188,-2.1004520461535527e-17,-0.018723777042931128,0.2430208729911114,-0.678942971187371,0.018723777042931107,0.0,5.737265625290949e-06,2.528661625745014e-05,0.0,-5.737265625290949e-06
38,0.4900000000000004,0.04981741298324618,0.11506380671366068,0.5812562874616709,0.00225390113568549,0.10882285035622845,0.49679169329708334,-0.000142317909119506,0.18692323500534203,-2.5319196332355315e-16,0.021312562352483386,-0.4050766981588922,-0.5882062084537274,-0.02131256235248364,1.7628,1.7288659616893893,3.672713658230451,-1.7628,0.03393403831061059,-2.5444597392470573e-16,-0.04084171362614155,0.5108539737606257,2.8973,0.04084171362614129,-0.0698,-0.0789065776166855,0.008352508334564105,-0.0698,0.009106577616685499,-3.012430107938394e-16,-0.045053937179688926,-1.9029476316276357,0.4651300201446896,0.04505393717968863,-0.0175,0.19484701015731998,-0.20011570805363407,-0.0175,-0.21234701015732,-2.1004520461535527e-17,-0.015674939696360923,0.3231606453544271,-0.09323065664766253,0.015674939696360902,0.0,7.599585150031671e-06,0.00011573533008753259,0.0,-7.599585150031671e-06
39,0.5000000000000003,0.04728479731555507,0.12864801812076956,0.5733622220211042,-0.001455117863415887,0.08958965758345167,0.4899483380346016,-0.001044544434683105,0.18752978191535025,-2.5319196332355315e-16,0.02100315089653587,0.09348686157582292,0.23457619933902307,-0.021003150896536125,1.7628,1.762842929306586,3.183071633965902,-1.7628,-4.292930658600369e-05,-2.5444597392470573e-16,-0.05632877055068591,-1.5577167189213736,-0.18412026475149534,0.05632877055068565,-0.0698,-0.07902336486045562,-0.003495814517523281,-0.0698,0.009223364860455621,-3.012430107938394e-16,-0.05782759102570091,-1.3148740330242243,2.263379129065145,0.05782759102570061,-0.0175,0.1939596145144547,-0.061254154655478045,-0.0175,-0.21145961451445472,-2.1004520461535527e-17,-0.014616936395395963,0.04781298521630887,-0.1977611277835399,0.014616936395395942,0.0,-0.000936940233493539,-0.22266827398037067,0.0,0.000936940233493539
40,0.5100000000000003,0.046429912222913525,0.13854968697550954,0.5676074448665884,-0.003967688596779894,0.07626193516751205,0.4843415084250496,-0.0015526751608602382,0.18697312385063303,-2.5319196332355315e-16,0.01753498402483187,-0.5914092360500632,-0.26151206874811195,-0.017534984024832122,1.7628,1.7810278658426644,0.9814897397351988,-1.7628,-0.018227865842664448,-2.5444597392470573e-16,-0.043151205306657545,3.105467011978431,2.0083468833268587,0.04315120530665729,-0.0698,-0.09012548761535055,-1.4425082081472202,-0.0698,0.02032548761535055,-3.012430107938394e-16,-0.07661354998143706,-2.3534354773746444,1.7774947612298293,0.07661354998143675,-0.0175,0.1933738085386134,-0.044356330063433536,-0.0175,-0.21087380853861343,-2.1004520461535527e-17,-0.010411881264943579,0.7017168152622275,0.06912250594685868,0.010411881264943558,0.0,-0.0019968400702379987,-0.03888644906017244,0.23016379584831897,0.0019968400702379987
41,0.5200000000000004,0.04989195283059202,0.14273234229064846,0.5654669984250118,-0.004487923058391205,0.07141494706341042,0.48120515774295847,-0.0015466462320757844,0.18658357400355446,-2.5319196332355315e-16,0.01913613204277198,0.6144787107807976,0.45112936385140623,-0.019136132042772234,1.7628,1.784082510588749,-0.011371486560612293,-1.1273126664765143,-0.021282510588749082,-2.5444597392470573e-16,-0.04686974498675289,-2.658319271804643,-2.760257369525173,0.046869744986752636,-0.0698,-0.10228201959747077,-1.0497975505693564,-0.0698,0.03248201959747077,-3.012430107938394e-16,-0.08355234723100396,0.3222906351781604,2.8973,0.08355234723100366,-0.0175,0.19271428899080853,-0.05323664322194171,-0.0175,-0.21021428899080852,-2.1004520461535527e-17,-0.007334329805626758,0.0937296633819064,-0.6184217651426791,0.007334329805626737,0.0,-0.001983745696357166,0.017808761018296388,0.05486116962207643,0.001983745696357166
42,0.5300000000000004,0.0528568898674426,0.14389927228310032,0.5653710792033404,-0.004673760760402825,0.0715171478464777,0.47931274631831106,-0.001471515577933207,0.18680248746278222,-2.5319196332355315e-16,0.019483701600097762,-0.35567330707427314,-0.7675677671229755,-0.019483701600098016,1.7628,1.7817306156269073,-0.3299872514721138,-0.15888859814938036,-0.018930615626907343,-2.5444597392470573e-16,-0.04492378569368143,2.06367157445063,2.8973,0.044923785693681176,-0.0698,-0.10763576749002172,-0.11857361981529846,-0.0698,0.037835767490021724,-3.012430107938394e-16,-0.0891679995602028,-1.1244309107340429,0.34612814266986885,0.0891679995602025,-0.0175,0.19108719278735362,-0.19676852179921386,-0.0175,-0.2085871927873536,-2.1004520461535527e-17,-0.005047192702499181,0.28133118020053216,-0.035055024936892505,0.00504719270249916,0.0,-0.0016857830326386333,0.03439407373108692,0.0,0.0016857830326386333
43,0.5400000000000004,0.05320775481167527,0.14339237651062373,0.5667637740745649,-0.0053810643035165145,0.0746347599147058,0.47856658774558053,-0.0019028375860424484,0.1876415380473326,-2.5319196332355315e-16,0.021633683382521786,0.5878171590949082,0.199803694273489,-0.02163368338252204,1.7628,1.7776256102406915,-0.48030704637423033,0.17854232645685503,-0.014825610240691622,-2.5444597392470573e-16,-0.06042645806484158,-3.9107559297372907,-1.7042812889011807,0.06042645806484132,-0.0698,-0.10560981990335286,0.2550126469817089,-0.0698,0.03580981990335286,-3.012430107938394e-16,-0.08785538446692584,0.935649244257003,1.8377749072156628,0.08785538446692553,-0.0175,0.19102389179777754,0.088120733142535,-0.0175,-0.20852389179777753,-2.1004520461535527e-17,-0.005407474905446623,-0.1885498445502651,-0.24095363858053886,0.005407474905446602,0.0,-0.001331021296186233,0.0353274439537771,0.0,0.001331021296186233
44,0.5500000000000004,0.05447666800721797,0.14288619068752934,0.5685878702817934,-0.005978824058577657,0.07857493795483088,0.4777051482327031,-0.002449089508469107,0.18877627776586298,-2.5319196332355315e-16,0.021892895252365256,-0.34012500411524993,-0.7608866261550845,-0.02189289525236551,1.7628,1.7720208421951102,-0.6197583222052492,0.36170216444869735,-0.009220842195110324,-2.5444597392470573e-16,-0.06335645084798613,2.06737923155868,2.8973,0.06335645084798588,-0.0698,-0.10298961479488782,0.25328828908754775,-0.0698,0.033189614794887815,-3.012430107938394e-16,-0.09187455249146038,-1.2550813785920372,-0.23280616852159874,0.09187455249146008,-0.0175,0.19164856703920358,0.05090425030873974,-0.0175,-0.2091485670392036,-2.1004520461535527e-17,-0.004435030890613457,0.2527959883305863,0.23180964379383792,0.004435030890613436,0.0,-0.0010062834267654836,0.030317837377470586,0.0,0.0010062834267654836
45,0.5600000000000004,0.05426552961729902,0.14268026255334354,0.5709102318398803,-0.0067956981986230765,0.08342160348797457,0.47679046365426186,-0.003458351164230106,0.19060363870726177,-2.5319196332355315e-16,0.024070286567764013,0.5811530503730753,0.16498184209632585,-0.024070286567764266,1.7628,1.764747314595049,-0.7898196522327826,0.5459915846443666,-0.0019473145950490434,-2.5444597392470573e-16,-0.07897861925139246,-3.9266912733552752,-1.560527624774793,0.07897861925139221,-0.0698,-0.10081859678776087,0.2064535020279601,-0.0698,0.031018596787760866,-3.012430107938394e-16,-0.09202350284678959,0.7789711672540549,1.9900777985237177,0.09202350284678928,-0.0175,0.19333174946006337,0.25920008295256564,-0.0175,-0.2108317494600634,-2.1004520461535527e-17,-0.00622266516095562,-0.4570038989331005,-0.21731574120567881,0.006222665160955599,0.0,-0.0007216639845584536,0.026620882302760832,0.0,0.0007216639845584536
46,0.5700000000000004,0.05572679983179164,0.1426025591743692,0.5733579926163179,-0.007061229418082388,0.08877017562779657,0.47572610479319855,-0.00413243614442546,0.1926688114857013,-2.5319196332355315e-16,0.02408557676772433,-0.38351166125393443,-0.7737153429151894,-0.024085576767724583,1.7628,1.7562609376702627,-0.8968232846508883,0.7742411354723903,0.006539062329737222,-2.5444597392470573e-16,-0.08324111763992809,1.8071055025020004,2.8973,0.08324111763992784,-0.0698,-0.09865149201548427,0.2096031951028821,-0.0698,0.028851492015484273,-3.012430107938394e-16,-0.09002219394050523,0.07292529471337217,-0.04278314447974063,0.09002219394050492,-0.0175,0.19467774216726297,0.07404017894885226,-0.0175,-0.21217774216726298,-2.1004520461535527e-17,-0.006063062562988506,0.28936883982471306,0.5067852202207453,0.006063062562988485,0.0,-0.0005129160467058251,0.017720581216844417,0.0,0.0005129160467058251
47,0.5800000000000004,0.056436645433792024,0.14164585364171073,0.5761147427158629,-0.007089157228975026,0.09490213027524139,0.47478049677757905,-0.0035137559195919147,0.19380680640071685,-2.5319196332355315e-16,0.025746660386185522,0.5241999448143242,0.19082704711213777,-0.025746660386185775,1.7628,1.7463527346079109,-1.0459881505793447,0.9491357832887861,0.016447265392089072,-2.5444597392470573e-16,-0.10111020171210425,-4.131363019887409,-1.1411765613825777,0.101110201712104,-0.0698,-0.09690828649800097,0.16531228870429007,-0.0698,0.02710828649800097,-3.012430107938394e-16,-0.07744456493958451,2.012331263674578,0.6472522568106672,0.07744456493958421,-0.0175,0.19635235899694478,0.24611719404142884,-0.0175,-0.21385235899694477,-2.1004520461535527e-17,-0.008224271509286793,-0.5273018924311135,-0.2408643393208052,0.008224271509286772,0.0,-0.0003562744422446794,0.014140941667676,0.0,0.0003562744422446794
48,0.5900000000000004,0.05878623548455503,0.14058983824747925,0.5789256350691894,-0.006988635886292083,0.10166827840648596,0.4732881349668668,-0.002874491594773534,0.19434672793674485,-2.5319196332355315e-16,0.02547988566949659,-0.3862778195143862,-0.7301732279038105,-0.025479885669496844,1.7628,1.7353206746900023,-1.1499304087958704,1.1775662737160573,0.027479325309997638,-2.5444597392470573e-16,-0.10553297903750919,1.9661672466109419,2.8973,0.10553297903750894,-0.0698,-0.09508164914450898,0.17743633595418634,-0.0698,0.025281649144508977,-3.012430107938394e-16,-0.0705295801995494,-0.1496982594971339,-1.3927747441579041,0.0705295801995491,-0.0175,0.19703498296201685,-0.09156869117636093,-0.0175,-0.21453498296201684,-2.1004520461535527e-17,-0.008076719521744888,0.41083820304367125,0.5930960645054076,0.008076719521744867,0.0,-0.00024151645821509404,0.010037945318797306,0.0,0.00024151645821509404
49,0.6000000000000004,0.059644579787879785,0.13929960070456196,0.5819544067779129,-0.007047157082915018,0.10937322385613506,0.4715141324906638,-0.0022280366319182877,0.19413229800095083,-2.5319196332355315e-16,0.027034487812360227,0.5087259510455986,0.18243873415841147,-0.02703448781236048,1.7628,1.7229413753442346,-1.2886811325804135,1.3697650112758515,0.039858624655765285,-2.5444597392470573e-16,-0.12188114689976835,-3.982848902974263,-1.1219034143108704,0.1218811468997681,-0.0698,-0.09369368185292005,0.1309234170629269,-0.0698,0.023893681852920054,-3.012430107938394e-16,-0.060149353940547386,1.7962455011623886,0.7139349010935266,0.06014935394054709,-0.0175,0.1972874926956552,0.11767516656485649,-0.0175,-0.21478749269565522,-2.1004520461535527e-17,-0.00896975360366746,-0.3966779724996752,-0.3462244468697123,0.00896975360366744,0.0,-0.00016294329742846383,0.0065962432508525366,0.0,0.00016294329742846383
50,0.6100000000000004,0.062092185594764024,0.13789901896846826,0.5845071671853584,-0.006946793069536507,0.11673465304052687,0.4697164540488369,-0.0015818670634906594,0.19296095545002617,-2.5319196332355315e-16,0.026622127664632296,-0.3941562363273705,-0.7250018535444824,-0.02662212766463255,1.7628,1.7117395435148188,-1.0584754878701503,1.6075501298265358,0.051060456485181094,-2.5444597392470573e-16,-0.12478562270599719,2.1097412911815083,2.8973,0.12478562270599694,-0.0698,-0.0911925371169035,0.2415423970760274,-0.0698,0.021392537116903504,-3.012430107938394e-16,-0.055016477574975506,-0.31291361283888025,-1.315050669638012,0.05501647757497521,-0.0175,0.19577572378224678,-0.16998520729726002,-0.0175,-0.2132757237822468,-2.1004520461535527e-17,-0.006587297268479014,0.48431345728318465,0.4684360013290147,0.006587297268478993,0.0,-0.00010381217677473408,0.005147129335400539,0.0,0.00010381217677473408
51,0.6200000000000004,0.06235550684689873,0.13669186524498989,0.5871438471107537,-0.00702571041540795,0.1241529759047245,0.46826185216012206,-0.0011469332053021235,0.1913629251624527,-2.5319196332355315e-16,0.028076513246467358,0.4943993616322794,0.18117921501031012,-0.02807651324646761,1.7628,1.6999059349421959,-1.23399168319257,1.466959139751599,0.06289406505780404,-2.5444597392470573e-16,-0.1397635429266718,-3.8491609357692655,-1.1114563095335328,0.13976354292667156,-0.0698,-0.0901744179699794,0.08774908850881358,-0.07040210014079937,0.020374417969979394,-3.012430107938394e-16,-0.046211962477599546,1.6402088033529691,0.7530454334386819,0.04621196247759925,-0.0175,0.19547301922288784,0.0726828260741875,-0.0175,-0.21297301922288786,-2.1004520461535527e-17,-0.006639143704374446,-0.3046844554623962,-0.4316150791353527,0.006639143704374425,0.0,-6.373435026094743e-05,0.0033061563948890422,0.0,6.373435026094743e-05
52,0.6300000000000004,0.06462454986950564,0.13561492495628003,0.5891822715840315,-0.0069771048016413805,0.13016088767203565,0.4678448676650971,-0.0013006844319777041,0.1904636283468814,-2.5319196332355315e-16,0.02755967821063021,-0.4001549695290635,-0.7190114676040202,-0.02755967821063046,1.7628,1.6911018666716109,-0.7025344111390259,1.7371442036550022,0.07169813332838904,-2.5444597392470573e-16,-0.14148038356966103,2.222945655952972,2.8973,0.14148038356966078,-0.0698,-0.08716246332255617,0.30620000940290526,-0.0698,0.01736246332255617,-3.012430107938394e-16,-0.042468486931947394,-0.431007991068214,-1.270513103532175,0.042468486931947096,-0.0175,0.19529494920296842,-0.06253059908045513,-0.0175,-0.21279494920296843,-2.1004520461535527e-17,-0.00528721083483866,0.37611426470533127,0.3577976050973916,0.005287210834838639,0.0,-3.8337673369865715e-05,0.0022879497391536515,0.0,3.8337673369865715e-05
53,0.6400000000000005,0.06483620538429505,0.13453899739102243,0.5910570967643582,-0.007148688586509547,0.1351687301435805,0.46825897445197284,-0.0014888523486486227,0.18984348875570944,-2.5319196332355315e-16,0.029496146626596487,0.5480216283356418,0.1796775438440198,-0.02949614662659674,1.7628,1.6788557008490996,-1.2749642057130723,1.2761194777661382,0.08394429915090029,-2.5444597392470573e-16,-0.15548501986863555,-3.756426509749769,-1.0911025873956859,0.1554850198686353,-0.0698,-0.09542978811123687,-0.8512995313609574,-0.1673003028224559,0.025629788111236868,-3.012430107938394e-16,-0.03441856631575136,1.5687236634020394,0.7707558865237908,0.03441856631575106,-0.0175,0.19584293899302843,0.14575978504650403,-0.0175,-0.21334293899302842,-2.1004520461535527e-17,-0.006409689823822581,-0.41095321591613937,-0.3338165780266222,0.00640968982382256,0.0,-1.869364498249535e-05,0.0015605109906647312,0.0,1.869364498249535e-05
54,0.6500000000000005,0.06859314281686922,0.13312199279966153,0.5923682711586428,-0.007126914455050398,0.1391972504416751,0.4691268801689899,-0.0016366103063575103,0.1892260528883007,-2.5319196332355315e-16,0.028889465241412778,-0.41536174227446887,-0.7839908013484158,-0.02888946524141303,1.7628,1.6734891883140401,-0.34980341811560717,1.7628,0.08931081168595978,-2.5444597392470573e-16,-0.15612374265387102,2.333186836036918,2.8973,0.15612374265387077,-0.0698,-0.09219939587964189,0.35844249847148213,-0.0698,0.02239939587964189,-3.012430107938394e-16,-0.03172866559901053,-0.5343495749798433,-1.2933751328760308,0.03172866559901023,-0.0175,0.19600416063062903,-0.04721403817190219,-0.0175,-0.21350416063062905,-2.1004520461535527e-17,-0.005742509243570415,0.3283611051822529,0.46223073450671986,0.0057425092435703946,0.0,-7.530072805710595e-06,0.001031026992602366,0.0,7.530072805710595e-06
55,0.6600000000000005,0.06846328512586261,0.13252950983850945,0.593531880545911,-0.007326911668180994,0.14221647345940233,0.46969257435186934,-0.0018442522966480716,0.1890975748290343,-2.5319196332355315e-16,0.03086294893386541,0.5582871450784095,0.18424602034316462,-0.030862948933865663,1.7628,1.6644629811626925,-0.9619122587354474,1.0642899116032853,0.09833701883730739,-2.5444597392470573e-16,-0.1691345523533879,-3.663700263931033,-1.0841968948059517,0.16913455235338765,-0.0698,-0.1008451223853106,-0.9186532747176298,-0.179247331434347,0.031045122385310597,-3.012430107938394e-16,-0.02458546416800302,1.484534720138764,0.7881788997719251,0.024585464168002717,-0.0175,0.19665993797912276,0.1539122904955762,-0.0175,-0.21415993797912275,-2.1004520461535527e-17,-0.007335837973112357,-0.4564504613930057,-0.2824210312336898,0.007335837973112336,0.0,3.1720920056273814e-06,0.0007980420030657047,0.0,-3.1720920056273814e-06
56,0.6700000000000005,0.07193300684026434,0.13228146731130683,0.5941662314496873,-0.007318951024913372,0.1442820492224799,0.4698617224457797,-0.0019267158814133527,0.18920085859546962,-2.5319196332355315e-16,0.030165664033213302,-0.4311872490692936,-0.8051907365493348,-0.030165664033213555,1.7628,1.66252920938654,0.0020529399018751615,1.7486084094339065,0.10027079061345989,-2.5444597392470573e-16,-0.16881890082528636,2.429851398078691,2.8973,0.1688189008252861,-0.0698,-0.0973804841847056,0.41179759753033934,-0.0698,0.0275804841847056,-3.012430107938394e-16,-0.022760256146898628,-0.6206713318381749,-1.2878510067947422,0.022760256146898326,-0.0175,0.19678915342388867,-0.05590629507706159,-0.0175,-0.21428915342388866,-2.1004520461535527e-17,-0.006947827118531566,0.3100203616949915,0.5151371651779044,0.006947827118531545,0.0,7.458334300650635e-06,0.0004736153604897606,0.0,-7.458334300650635e-06
57,0.6800000000000005,0.07135506683503555,0.13243709554511987,0.5946336369969586,-0.007545004927680067,0.1452863766492378,0.4698693383324712,-0.0019530064943646234,0.1893565889099882,-2.5319196332355315e-16,0.03228026138524857,0.5677663979760275,0.18986193680358518,-0.03228026138524882,1.7628,1.6561452196821624,-0.6262767324774163,0.800113385005804,0.10665478031783748,-2.5444597392470573e-16,-0.18097524089121986,-3.5842110742082762,-1.0793001914764022,0.1809752408912196,-0.0698,-0.10781130464564255,-0.9322915158371712,-0.19115372405269454,0.03801130464564255,-3.012430107938394e-16,-0.016297603996460033,1.4123777018997141,0.8027533810133616,0.01629760399645973,-0.0175,0.1970706109036563,-0.013505901516550678,-0.0175,-0.2145706109036563,-2.1004520461535527e-17,-0.008965133998843576,-0.5971679532232508,-0.25443774474673914,0.008965133998843555,0.0,1.2234628737858801e-05,0.0005741678101971536,0.0,-1.2234628737858801e-05
58,0.6900000000000005,0.07472089634595575,0.13236208844137676,0.595186091977674,-0.007543209217448393,0.14740031162637113,0.4698224099009875,-0.0019565308331895973,0.1895008899759516,-2.5319196332355315e-16,0.03159496394682136,-0.44521449007149777,-0.8260084890580179,-0.03159496394682161,1.7628,1.6534722515812454,-0.27340514861355986,1.4795149750201162,0.10932774841875448,-2.5444597392470573e-16,-0.17948497525552265,2.574472877164686,2.8973,0.1794849752555224,-0.0698,-0.1060272614695486,0.3158316501427242,-0.0698,0.036227261469548605,-3.012430107938394e-16,-0.015527744175247835,-0.755000514092868,-1.2819968699280362,0.015527744175247533,-0.0175,0.19632076617995708,-0.1018236685478395,-0.0175,-0.2138207661799571,-2.1004520461535527e-17,-0.00959425673380648,0.22856146983395925,0.6688890252139992,0.009594256733806459,0.0,1.6040978552013734e-05,0.0002942355819149859,0.0,-1.6040978552013734e-05
59,0.7000000000000005,0.07444921964477627,0.13243728704552907,0.5961112680505624,-0.0076833070968435994,0.15032628242348758,0.4697660014834211,-0.0019518571597022794,0.1896157097249377,-2.5319196332355315e-16,0.0327104470235539,0.4722909060231548,0.19245477849692488,-0.03271044702355415,1.7628,1.6499432839823749,-0.39255067651592646,1.1480271359635956,0.11285671601762504,-2.5444597392470573e-16,-0.19015584681170042,-3.439949633520466,-1.1385930751205067,0.19015584681170017,-0.0698,-0.10360863862937456,0.22780625702443022,-0.0698,0.033808638629374554,-3.012430107938394e-16,-0.010869411352805142,1.244855448844629,0.8792224674948482,0.01086941135280484,-0.0175,0.19672447420079434,0.14438326979765803,-0.0175,-0.21422447420079432,-2.1004520461535527e-17,-0.01184635880716672,-0.5079668582306045,-0.15180741596350758,0.0118463588071667,0.0,1.5499064373808698e-05,-9.871211810914426e-05,0.0,-1.5499064373808698e-05
60,0.7100000000000005,0.07581092398842419,0.13253562375404845,0.5971587602208883,-0.007681344108592457,0.1537644568352292,0.46971699158883623,-0.0019452263266701891,0.18970029026929763,-2.5319196332355315e-16,0.0318708733547571,-0.4445720509595591,-0.733974482211588,-0.03187087335475735,1.7628,1.6452238711337441,-0.5361835770678145,1.2954044046569266,0.11757612886625579,-2.5444597392470573e-16,-0.1874226738536469,2.69167580946679,2.8973,0.18742267385364664,-0.0698,-0.10105490277121734,0.2480789488471307,-0.0698,0.03125490277121734,-3.012430107938394e-16,-0.011195375514251977,-0.8504814255145778,-1.1579001580221904,0.011195375514251675,-0.0175,0.1969998778784264,-0.02965355437366165,-0.0175,-0.2144998778784264,-2.1004520461535527e-17,-0.011858467017020605,0.2773390926118399,0.6027377286879381,0.011858467017020584,0.0,1.564801296760699e-05,5.3230593586172135e-06,0.0,-1.564801296760699e-05
61,0.7200000000000005,0.07571174340856793,0.1327956950997228,0.598493371450073,-0.007816757293591828,0.15802447510948547,0.4696795034412196,-0.0019391768481771716,0.1897599141914318,-2.5319196332355315e-16,0.03290230354309031,0.45907184015188196,0.1896050641215003,-0.03290230354309056,1.7628,1.6391629248275401,-0.6432466191590586,1.4767926079978608,0.12363707517245981,-2.5444597392470573e-16,-0.1969341880179507,-3.325278582493968,-1.192294418637617,0.19693418801795046,-0.0698,-0.0991299536392055,0.1815512338349173,-0.0698,0.0293299536392055,-3.012430107938394e-16,-0.007499846374459209,1.1487090163468368,0.9400444296285912,0.0074998463744589084,-0.0175,0.19779419648185662,0.1667611572542242,-0.0175,-0.2152941964818566,-2.1004520461535527e-17,-0.01387821806361094,-0.4977358896917641,-0.18247135647567525,0.01387821806361092,0.0,1.4482611608165673e-05,-0.00013600998756503269,0.0,-1.4482611608165673e-05
62,0.7300000000000005,0.07743628298803013,0.13277701060101127,0.5991500175568318,-0.0077702085709960254,0.16105977366366084,0.4696524696474058,-0.0019344220966723094,0.18980108932270945,-2.5319196332355315e-16,0.03189478303336183,-0.45174481651371157,-0.7222902684966064,-0.03189478303336208,1.7628,1.6360354091944895,-0.17012501852950612,1.6323432205387371,0.1267645908055104,-2.5444597392470573e-16,-0.19343708258851006,2.7381301902205877,2.8973,0.1934370825885098,-0.0698,-0.09526041533894553,0.3688823048607365,-0.0698,0.025460415338945525,-3.012430107938394e-16,-0.008313466788151586,-0.8703965053829436,-1.0887102453511655,0.008313466788151284,-0.0175,0.19634909709343606,-0.17541797606828297,-0.0175,-0.21384909709343608,-2.1004520461535527e-17,-0.012364164031035699,0.4131002347144618,0.6087616342006514,0.012364164031035678,0.0,1.294823895996601e-05,0.0003415972297418589,2.0149094699707304e-05,-1.294823895996601e-05
63,0.7400000000000005,0.07651206848973885,0.1330051652700959,0.5997920963802306,-0.007949936633557354,0.16312940080543378,0.4696335038903994,-0.0019309156222991747,0.189829329188439,-2.5319196332355315e-16,0.03361659519268283,0.530711491598274,0.19658655224681493,-0.03361659519268308,1.7628,1.6293908598330835,-0.7015071588468944,1.1842417449735891,0.1334091401669164,-2.5444597392470573e-16,-0.2025828152209267,-3.289963714931708,-1.1906335295125092,0.20258281522092644,-0.0698,-0.10270112661760078,-0.7590238843351128,-0.16519898214917228,0.03290112661760078,-3.012430107938394e-16,-0.004390361525813432,1.1710787286908666,0.9369042396881538,0.004390361525813131,-0.0175,0.19607212428616413,0.07710142484780397,-0.0175,-0.21357212428616412,-2.1004520461535527e-17,-0.012963750566743606,-0.348097259765744,-0.31418692246617635,0.012963750566743586,0.0,1.2538695818900197e-05,-0.00016010144632333713,0.0,-1.2538695818900197e-05
64,0.7500000000000006,0.0791810565340833,0.13303474250989133,0.6000082274957077,-0.007929756761179005,0.16413427739094522,0.4696203623379363,-0.0019284083077532994,0.18984869262856002,-2.5319196332355315e-16,0.03256722874666747,-0.4623271140953503,-0.7996442531397386,-0.03256722874666772,1.7628,1.6295060771950831,0.1845242426570607,1.7628,0.1332939228049168,-2.5444597392470573e-16,-0.19869587742882291,2.7770338248914586,2.8973,0.19869587742882266,-0.0698,-0.09866930166315097,0.42815076837170507,-0.0698,0.028869301663150965,-3.012430107938394e-16,-0.005505812500667573,-0.9015457481196103,-1.1359558364843616,0.005505812500667272,-0.0175,0.19589793717469642,-0.062103026499005454,-0.0175,-0.2133979371746964,-2.1004520461535527e-17,-0.011942306921032564,0.34712383829400395,0.4518072642996927,0.011942306921032543,0.0,1.0138369499066642e-05,-0.0001379393909864382,5.979187977213555e-05,-1.0138369499066642e-05
65,0.7600000000000006,0.07803531570118168,0.13322607829313363,0.6001525068970854,-0.008156872493513777,0.16398991315284625,0.46961129875088214,-0.0019266429501588705,0.18986200531669922,-2.5319196332355315e-16,0.03455480328826448,0.5557591279189755,0.20178928412200858,-0.03455480328826473,1.7628,1.6249766988529808,-0.45033300719530245,0.8818271397822738,0.13782330114701913,-2.5444597392470573e-16,-0.20754413206165254,-3.263194451675889,-1.1874668054608772,0.2075441320616523,-0.0698,-0.10916351651512446,-0.9708396945913013,-0.19719635506649735,0.03936351651512446,-3.012430107938394e-16,-0.0016913281689770504,1.1593247179080541,0.9455922481249485,0.0016913281689767492,-0.0175,0.19649175584389728,0.14868181216195245,-0.0175,-0.2139917558438973,-2.1004520461535527e-17,-0.013307667252438395,-0.43157913983205864,-0.2515853829257436,0.013307667252438374,0.0,1.0342914866256615e-05,0.00018562259431483715,5.683243499390506e-05,-1.0342914866256615e-05
66,0.7700000000000006,0.08103585589902991,0.13332771546704397,0.600420771474839,-0.00815113790850966,0.16487584096366517,0.46960505201319663,-0.0019254092980039725,0.1898711916645907,-2.5319196332355315e-16,0.033600528774070756,-0.47576223046311183,-0.8321975542250933,-0.033600528774071006,1.7628,1.6240866498519204,-0.09068990852103109,1.5529194163714555,0.1387133501480795,-2.5444597392470573e-16,-0.20281251798274258,2.9004853650816393,2.8973,0.20281251798274233,-0.0698,-0.1074541148674464,0.33125377652097443,-0.0698,0.037654114867446395,-3.012430107938394e-16,-0.00331800163040275,-0.9853439149939351,-1.1457940925562402,0.0033180016304024487,-0.0175,0.19679720499952946,-0.02800453152176649,-0.0175,-0.21429720499952948,-2.1004520461535527e-17,-0.012789597195556134,0.3171542080218198,0.5380404778515656,0.012789597195556113,0.0,1.1546333508512142e-05,8.596178333474777e-05,0.0,-1.1546333508512142e-05
67,0.7800000000000006,0.08039960774141697,0.13356533135530874,0.6009789669491624,-0.008264062893328782,0.16665536250320584,0.46960074145554054,-0.0019245500292841052,0.18987755410621948,-2.5319196332355315e-16,0.03443559172743715,0.4454444648831605,0.20695800027054378,-0.0344355917274374,1.7628,1.6224611513587643,-0.19751589337193903,1.2003967097056671,0.14033884864123558,-2.5444597392470573e-16,-0.21039752167838258,-3.142333499081026,-1.2779852212197007,0.21039752167838233,-0.0698,-0.10491158082092372,0.2395814853457175,-0.0698,0.03511158082092372,-3.012430107938394e-16,-0.000858197458385002,1.0320145033334127,1.0118879280371547,0.0008581974583847009,-0.0175,0.19755083384243996,0.15986763695269746,-0.0175,-0.21505083384243995,-2.1004520461535527e-17,-0.014457777648930734,-0.4645257304256229,-0.21483743045737091,0.014457777648930713,0.0,9.783527350674418e-06,-0.0001918262840814105,0.0,-9.783527350674418e-06
68,0.7900000000000006,0.08133251691813563,0.13376158639055477,0.6015723771260812,-0.008215281578205851,0.1690185650962127,0.46959776105835704,-0.0019239521474896512,0.18988197520790928,-2.5319196332355315e-16,0.03331158219021656,-0.4734323423764982,-0.7209291987026596,-0.03331158219021681,1.7628,1.619645432755638,-0.3493416091371879,1.3202266825018236,0.14315456724436193,-2.5444597392470573e-16,-0.20464188175802295,2.9958082119982796,2.8973,0.2046418817580227,-0.0698,-0.10221190782869158,0.262213646533259,-0.0698,0.03241190782869158,-3.012430107938394e-16,-0.003135467529986766,-1.0348112589205964,-1.0251489236663351,0.0031354675299864647,-0.0175,0.1973312825879017,-0.10373485008398396,-0.0175,-0.21483128258790168,-2.1004520461535527e-17,-0.01348598264412928,0.4003989444235856,0.5801879516170686,0.01348598264412926,0.0,9.36903736695167e-06,-5.147345779409854e-05,0.00011355806527601516,-9.36903736695167e-06
69,0.8000000000000006,0.08062275510258468,0.13415072834371328,0.6024259008118358,-0.008290960086802992,0.17222123673025883,0.46959569594188805,-0.0019235360994030238,0.18988505571487138,-2.5319196332355315e-16,0.03407848465639867,0.43385094684500114,0.20693968485476377,-0.03407848465639892,1.7628,1.615497748744325,-0.44889778871385444,1.4945781470920834,0.14730225125567498,-2.5444597392470573e-16,-0.21127544687113384,-3.047883195294032,-1.358673157934098,0.2112754468711336,-0.0698,-0.10018414206553182,0.19124311415600342,-0.0698,0.03038414206553182,-3.012430107938394e-16,-0.001192796183854004,0.9792644323376165,1.0598949991604882,0.0011927961838537028,-0.0175,0.19744548989423683,0.10164839090748155,-0.0175,-0.21494548989423684,-2.1004520461535527e-17,-0.014327238448139823,-0.3815604792979525,-0.29251108327055153,0.014327238448139802,0.0,8.010075521424095e-06,-0.00014068290339328682,0.0,-8.010075521424095e-06
70,0.8100000000000006,0.08168923243131139,0.1343307573634773,0.6028338038609529,-0.008228914657740755,0.1740059143708576,0.469594262160892,-0.001923246407258055,0.18988720680308763,-2.5319196332355315e-16,0.032832929686829986,-0.47488653574366146,-0.7064788240961926,-0.032832929686830235,1.7628,1.614234472549309,0.0107271608649862,1.6273157987592541,0.14856552745069096,-2.5444597392470573e-16,-0.2051504333176979,2.9966832142736095,2.8973,0.20515043331769764,-0.0698,-0.09621133504992424,0.37613369129715807,-0.0698,0.02641133504992424,-3.012430107938394e-16,-0.0036821512899460067,-1.0304148921871412,-0.9697220628667869,0.0036821512899457053,-0.0175,0.19728633441290605,-0.07138896126888145,-0.0175,-0.21478633441290607,-2.1004520461535527e-17,-0.013442105851075848,0.34626361148024554,0.4961783868830709,0.013442105851075827,0.0,6.409300934423234e-06,0.00036692300700739457,7.660229922189406e-05,-6.409300934423234e-06
71,0.8200000000000006,0.08060965329500064,0.13460134288813633,0.6032006333057683,-0.00838228493239936,0.17489301699965618,0.46959326498470494,-0.001923044537292645,0.18988871141930802,-2.5319196332355315e-16,0.03437995798520519,0.5134548883591262,0.21222309824901958,-0.03437995798520544,1.7628,1.6094642285842546,-0.5110830567888327,1.1777970587405415,0.15333577141574528,-2.5444597392470573e-16,-0.21185693625472904,-3.0551380096570733,-1.3554797477320284,0.2118569362547288,-0.0698,-0.10355366427634945,-0.7475291048570178,-0.16484301089776415,0.033753664276349446,-3.012430107938394e-16,-0.0012796102062041475,1.0241060990423052,1.0598721025067068,0.0012796102062038464,-0.0175,0.1977041873763008,0.12983063782138385,-0.0175,-0.21520418737630082,-2.1004520461535527e-17,-0.014835335654172535,-0.4350524087054201,-0.23872676467163892,0.014835335654172515,0.0,6.438616747300801e-06,-0.00011525620746846902,0.0,-6.438616747300801e-06
72,0.8300000000000006,0.08308148772318168,0.1344422788290888,0.6030358130329723,-0.008307215307037078,0.1748276299795604,0.4695925704709013,-0.0019229037544526138,0.18988976519599937,-2.5319196332355315e-16,0.03310704003776694,-0.4843865639757161,-0.7884945522407698,-0.03310704003776719,1.7628,1.611451632943956,0.3695136202380279,1.737769228114795,0.15134836705604382,-2.5444597392470573e-16,-0.20563121684228614,3.007548416573287,2.8973,0.20563121684228589,-0.0698,-0.09942098962321161,0.4365114226341581,-0.0698,0.029620989623211608,-3.012430107938394e-16,-0.0037122599586834233,-1.0262173928778218,-1.0138692173926744,0.003712259958683122,-0.0175,0.19686213597508212,-0.14004569362163727,-0.0175,-0.21436213597508214,-2.1004520461535527e-17,-0.01357901636276763,0.39321016000997533,0.5537350939388003,0.013579016362767609,0.0,4.555010713897766e-06,-0.00011776508631205032,6.374727349006261e-05,-4.555010713897766e-06
73,0.8400000000000006,0.08142069760831941,0.13438081673270882,0.6028215067530691,-0.008478297179785897,0.17360704807588917,0.469592086202847,-0.0019228055035074676,0.1898905039278931,-2.5319196332355315e-16,0.034928407506683565,0.540216142138807,0.2195302436735786,-0.034928407506683815,1.7628,1.6087710015190166,-0.2694802239885331,0.8412733162103226,0.15402899848098328,-2.5444597392470573e-16,-0.2123125786042213,-3.054954405897216,-1.3624986818349998,0.21231257860422106,-0.0698,-0.10991242083632338,-0.9830308433928461,-0.19954350564846524,0.04011242083632338,-3.012430107938394e-16,-0.0010781694961032639,1.0459531184696444,1.0559154725472868,0.0010781694961029627,-0.0175,0.19682648154899704,0.09267005295233793,-0.0175,-0.21432648154899703,-2.1004520461535527e-17,-0.014462072375963484,-0.38104701672175134,-0.2845780291078345,0.014462072375963463,0.0,5.128387788182063e-06,0.00024508113608238534,8.132500060086819e-05,-5.128387788182063e-06
74,0.8500000000000006,0.08390678215463289,0.1343268955082367,0.6027429950557944,-0.008421484323838959,0.173391731030381,0.46959174823241007,-0.0019227368937665404,0.18989102216967074,-2.5319196332355315e-16,0.03378594783368657,-0.4958248578662589,-0.8196434021922775,-0.03378594783368682,1.7628,1.6096965125018043,0.09385593811392931,1.5017122118363995,0.15310348749819558,-2.5444597392470573e-16,-0.20551174659068996,3.1059609201129232,2.8973,0.20551174659068971,-0.0698,-0.1082335827512313,0.3385006121527491,-0.0698,0.03843358275123129,-3.012430107938394e-16,-0.0037652078979568877,-1.0869000501744208,-1.0373277625008208,0.0037652078979565863,-0.0175,0.1967822787265765,-0.051569937945207714,-0.0175,-0.2142822787265765,-2.1004520461535527e-17,-0.013581542346233062,0.3446498681046254,0.49674359572945903,0.01358154234623304,0.0,6.619513855675707e-06,0.00011445536467982441,0.0,-6.619513855675707e-06
75,0.8600000000000007,0.08280880164480316,0.1344647877408785,0.6029604110015445,-0.008483669183457165,0.17406515726644448,0.4695915122008788,-0.001922688959222136,0.189891385919996,-2.5319196332355315e-16,0.034440340608380124,0.42863315772294897,0.22553727519676436,-0.034440340608380374,1.7628,1.6099308211180994,-0.011126128741418804,1.1309719618716354,0.15286917888190055,-2.5444597392470573e-16,-0.21116643437936566,-2.9571849751853527,-1.4618669473874055,0.21116643437936541,-0.0698,-0.10561908141676764,0.2465663899076469,-0.0698,0.03581908141676764,-3.012430107938394e-16,-0.0022662984847314524,0.9395610095749055,1.1170217133580735,0.002266298484731151,-0.0175,0.19734359011781644,0.14274114919139946,-0.0175,-0.21484359011781645,-2.1004520461535527e-17,-0.014965824289856995,-0.43547034664971873,-0.23599752933476106,0.014965824289856974,0.0,5.317230180695704e-06,-0.00014652010208766346,0.0,-5.317230180695704e-06
76,0.8700000000000007,0.0832970081761249,0.134636100992462,0.6032737631124674,-0.008400394438087207,0.1752652855271118,0.46959134727532936,-0.0019226554564109619,0.18989164133039402,-2.5319196332355315e-16,0.03315256296171391,-0.4896534496927827,-0.704155882589992,-0.03315256296171416,1.7628,1.6089614010263213,-0.1652762599587167,1.2340795597966232,0.15383859897367858,-2.5444597392470573e-16,-0.2036133411562274,3.1721882706121045,2.8973,0.20361334115622715,-0.0698,-0.10285128096060685,0.268768889244484,-0.0698,0.033051280960606846,-3.012430107938394e-16,-0.005436589483898902,-1.121440682480414,-0.9214306216970563,0.005436589483898601,-0.0175,0.19756862874311285,-0.0365109726831081,-0.0175,-0.21506862874311283,-2.1004520461535527e-17,-0.014451217734699116,0.3187170920357962,0.5551969409685745,0.014451217734699096,0.0,5.223382429540103e-06,4.921258659594546e-06,0.00010398226064209782,-5.223382429540103e-06
77,0.8800000000000007,0.08232718042454584,0.13497798398732802,0.6038252674076008,-0.008440408344819524,0.17733003387912236,0.4695912319894308,-0.0019226320332131133,0.18989182071813254,-2.5319196332355315e-16,0.03377420316310405,0.4203883994608951,0.22443294599906938,-0.0337742031631043,1.7628,1.606661429645243,-0.26250782627337677,1.3959850517481454,0.15613857035475687,-2.5444597392470573e-16,-0.20859636291663317,-2.891505228152372,-1.5432815413622873,0.20859636291663292,-0.0698,-0.10076163649915698,0.19734959611341216,-0.0698,0.03096163649915698,-3.012430107938394e-16,-0.004315977174317568,0.8978330403434358,1.1649333983516028,0.004315977174317267,-0.0175,0.19789576285891122,-0.013697854426724027,-0.0175,-0.2153957628589112,-2.1004520461535527e-17,-0.01635764098312163,-0.5882910370898574,-0.20310735015820341,0.016357640983121608,0.0,4.506632705498397e-06,-1.5841089042017032e-05,0.0,-4.506632705498397e-06
78,0.8900000000000007,0.08319308257283833,0.13531589005948505,0.604391895557404,-0.00833099091620634,0.1799883010428756,0.4695911513789644,-0.0019226156532597405,0.18989194673619347,-2.5319196332355315e-16,0.03248333686635216,-0.4853065304371792,-0.6905820247657295,-0.03248333686635241,1.7628,1.603206592639155,-0.4117117518837072,1.5116163891114316,0.15959340736084493,-2.5444597392470573e-16,-0.2004697079092011,3.2245188872784927,2.8973,0.20046970790920085,-0.0698,-0.09846255665873598,0.22373811845862995,-0.0698,0.028662556658735974,-3.012430107938394e-16,-0.007821954465323817,-1.1498654238960258,-0.8633052229488977,0.007821954465323515,-0.0175,0.1971723038683822,-0.09767682216225373,-0.0175,-0.2146723038683822,-2.1004520461535527e-17,-0.0169609887033718,0.22768712024961701,0.7191521649548303,0.01696098870337178,0.0,4.50655932147253e-06,6.271110876554576e-06,0.0,-4.50655932147253e-06
79,0.9000000000000007,0.08258359529894164,0.13556153504235335,0.6047382752173414,-0.008343695595116517,0.18146950310443127,0.46959109500212415,-0.0019226041966487473,0.18989203527518184,-2.5319196332355315e-16,0.032971099641363376,0.4035142778658328,0.22543983550635993,-0.032971099641363626,1.7628,1.6025451535170503,0.12780761159355108,1.6884590107704667,0.16025484648294963,-2.5444597392470573e-16,-0.20527342868453843,-2.894747822605132,-1.6207612240048859,0.20527342868453818,-0.0698,-0.09500475059896729,0.3424925791339786,-0.0698,0.02520475059896729,-3.012430107938394e-16,-0.006695488458825145,0.9237822864543822,1.212441059618614,0.006695488458824844,-0.0175,0.19729893944969376,0.09252446515664209,-0.0175,-0.21479893944969375,-2.1004520461535527e-17,-0.018832555364730157,-0.4412946771737739,-0.09199921062264277,0.018832555364730136,0.0,1.4009995673384155e-06,-0.00016245282143737184,0.0,-1.4009995673384155e-06
80,0.9100000000000007,0.08300406371007935,0.1356659069560988,0.6048608367406295,-0.00828336639060828,0.18171498223178995,0.46959105556735525,-0.0019225961824968442,0.18989209748809838,-2.5319196332355315e-16,0.03230081935446282,-0.4262796006064854,-0.6672830749967418,-0.03230081935446307,1.7628,1.599467124126214,-0.36152843508874993,1.154231160270046,0.16333287587378598,-2.5444597392470573e-16,-0.1973175590578483,3.2070984257609445,2.8973,0.19731755905784806,-0.0698,-0.10011424485653862,-0.48793126752311516,-0.1408545743422403,0.030314244856538622,-3.012430107938394e-16,-0.009544000984417647,-1.0879314391149952,-0.8702183787837835,0.009544000984417345,-0.0175,0.19729173950266501,-0.04581760632841682,-0.0175,-0.214791739502665,-2.1004520461535527e-17,-0.018430026937971147,0.30459558325600883,0.591955120091615,0.018430026937971127,0.0,2.935991018530177e-06,0.00011727434339270911,0.00015124482489866452,-2.935991018530177e-06
81,0.9200000000000007,0.08325427531983848,0.1355583738054788,0.6047182254747332,-0.008293095691008912,0.18116689790798762,0.46959102798009017,-0.0019225905758634729,0.18989214120588854,-2.5319196332355315e-16,0.0327775144783703,0.40575424197939425,0.16787304577078083,-0.03277751447837055,1.7628,1.602309335323241,0.46742006612901155,1.6681914420790378,0.160490664676759,-2.5444597392470573e-16,-0.20223457659614974,-2.9071659527124485,-1.62855795329816,0.2022345765961495,-0.0698,-0.09626885978665815,0.3558886233038212,-0.0698,0.026468859786658153,-3.012430107938394e-16,-0.008153488525432365,0.9509433586287079,1.164283446990334,0.008153488525432063,-0.0175,0.1976266405143125,0.10022524785737537,-0.0175,-0.21512664051431252,-2.1004520461535527e-17,-0.01973923255001518,-0.3970779799347691,-0.15715536775223982,0.01973923255001516,0.0,1.2412608046426058e-06,-0.00016748182738496174,0.0,-1.2412608046426058e-06
82,0.9300000000000007,0.08312402729856269,0.13529727066788852,0.6043322581334637,-0.008229558795580834,0.17938649498191664,0.46959100867930065,-0.0019225866532207659,0.18989217192851987,-2.5319196332355315e-16,0.03212005565481669,-0.4256870760783176,-0.6679743578063586,-0.03212005565481694,1.7628,1.6025210873283686,-0.03588065579859037,0.8165052512850604,0.1602789126716313,-2.5444597392470573e-16,-0.1943912632383711,3.1963771575995272,2.8973,0.19439126323837086,-0.0698,-0.10149992548215056,-0.5079923945919245,-0.14413774501055598,0.03169992548215056,-3.012430107938394e-16,-0.010751410579171084,-1.064725103382194,-0.8857154504252515,0.010751410579170782,-0.0175,0.19763896670980594,-0.0466740914691816,-0.0175,-0.21513896670980592,-2.1004520461535527e-17,-0.01899420127485818,0.3337180967967376,0.5549918403348904,0.01899420127485816,0.0,2.749159658201014e-06,0.0001022138871141739,0.0001575517409478209,-2.749159658201014e-06
83,0.9400000000000007,0.08292218559630785,0.13524099395180122,0.604223131390009,-0.008256803059796156,0.1787480465792008,0.4695909951751125,-0.0019225839086215025,0.18989219351961595,-2.5319196332355315e-16,0.032783036523942884,0.41914913259701564,0.16872663083978212,-0.03278303652394313,1.7628,1.6042965960682436,0.1674808977335151,1.3181119571716409,0.15850340393175633,-2.5444597392470573e-16,-0.1990957423190269,-2.8637534696784464,-1.6412470516925604,0.19909574231902666,-0.0698,-0.10013423281200437,0.19141806592671995,-0.0698,0.03033423281200437,-3.012430107938394e-16,-0.009411685278495162,0.9182689711719563,1.1507363880155603,0.00941168527849486,-0.0175,0.1982144247533433,0.14264634441764867,-0.0175,-0.2157144247533433,-2.1004520461535527e-17,-0.0204678875276113,-0.4452184165351728,-0.1817644865978723,0.020467887527611278,0.0,2.6808670600928344e-06,-3.1103635804685786e-05,0.0,-2.6808670600928344e-06
84,0.9500000000000007,0.083289136751655,0.1351585023942107,0.6041448943165413,-0.008129475452713012,0.1787324181029076,0.46959098572620794,-0.0019225819882004959,0.18989220869369694,-2.5319196332355315e-16,0.03148660939406784,-0.4852161947845304,-0.6814134247885607,-0.03148660939406809,1.7628,1.6051770008251531,0.023758386655135737,1.1005463337205355,0.1576229991748468,-2.5444597392470573e-16,-0.19070222679413545,3.2480096475880433,2.8973,0.1907022267941352,-0.0698,-0.09790779673422058,0.21655188920426216,-0.0698,0.028107796734220578,-3.012430107938394e-16,-0.012687580679597103,-1.1280365838783386,-0.8429754889439974,0.012687580679596801,-0.0175,0.19779983861274597,-0.09464628255617119,-0.0175,-0.215299838612746,-2.1004520461535527e-17,-0.019298423546508923,0.38738561596832494,0.608961516756063,0.019298423546508903,0.0,3.3436277469398183e-06,5.503545019773359e-05,9.656699323943111e-06,-3.3436277469398183e-06
85,0.9600000000000007,0.08190110232048367,0.13530401853755322,0.6043552938259106,-0.008136161433894503,0.1795409717730459,0.46959097911457703,-0.001922580644425333,0.18989221935814093,-2.5319196332355315e-16,0.03208097585946148,0.4137445474339575,0.23332331963198566,-0.03208097585946173,1.7628,1.6047250931180213,-0.08249135425609475,1.2372256067436387,0.15807490688197867,-2.5444597392470573e-16,-0.19495516915678046,-2.818650799513371,-1.7223918332349617,0.1949551691567802,-0.0698,-0.09628925441821284,0.15218367715097197,-0.0698,0.026489254418212843,-3.012430107938394e-16,-0.011666199884819942,0.888392317206748,1.229537229315113,0.01166619988481964,-0.0175,0.19799908254360896,0.10922696304126508,-0.0175,-0.21549908254360894,-2.1004520461535527e-17,-0.02027092812620942,-0.39470116267196287,-0.23299822759625372,0.020270928126209398,0.0,2.903672865979555e-06,-6.1617650983828e-05,0.0,-2.903672865979555e-06
86,0.9700000000000008,0.08237992756799217,0.13552062487150654,0.6046737886729023,-0.008013610539139276,0.18087156053324516,0.46959097448814724,-0.001922579704126297,0.18989222685328166,-2.5319196332355315e-16,0.030801274601340356,-0.47987713127336795,-0.6703923543096513,-0.03080127460134061,1.7628,1.6031313166739392,-0.22123039898472202,1.3470906093119241,0.15966868332606077,-2.5444597392470573e-16,-0.1862281924376741,3.276127167614671,2.8973,0.18622819243767386,-0.0698,-0.09443584319477834,0.18077853076396533,-0.0698,0.024635843194778337,-3.012430107938394e-16,-0.015234167883164229,-1.1543154889877423,-0.795062718128191,0.015234167883163927,-0.0175,0.1980242003507373,-0.04874707398827563,-0.0175,-0.21552420035073733,-2.1004520461535527e-17,-0.019478500497448672,0.33924731468602864,0.556868587681638,0.01947850049744865,0.0,3.6777314389191873e-06,0.00011246878420865268,3.838826805599156e-05,-3.6777314389191873e-06
87,0.9800000000000008,0.0814468175028303,0.1359491868829112,0.6052315989350378,-0.008019426425251292,0.18306361677209743,0.4695909712507894,-0.0019225790461472444,0.18989223212103512,-2.5319196332355315e-16,0.0313951273514195,0.4105513156453503,0.23346693446264308,-0.03139512735141975,1.7628,1.600228113491101,-0.32633284194675416,1.498579865593208,0.16257188650889898,-2.5444597392470573e-16,-0.19020235052420154,-2.792865384618114,-1.78630162811328,0.19020235052420129,-0.0698,-0.09314683140979609,0.12068840536629936,-0.0698,0.023346831409796084,-3.012430107938394e-16,-0.014498142530988616,0.8561958985511317,1.2761888320530537,0.014498142530988314,-0.0175,0.19824578165391119,-0.024389197423562353,-0.0175,-0.21574578165391117,-2.1004520461535527e-17,-0.02119637822168038,-0.5702362329766199,-0.18341931070643944,0.02119637822168036,0.0,3.8059557697130476e-06,5.364737599649592e-05,0.0,-3.8059557697130476e-06
88,0.9900000000000008,0.0823700380195832,0.13597366682250134,0.6053017324627332,-0.00788341500271375,0.18390097762755336,0.46959096898541114,-0.001922578585717901,0.1898922358233553,-2.5319196332355315e-16,0.030039368415557155,-0.47986368176112615,-0.6617123344567083,-0.030039368415557408,1.7628,1.600274816201663,0.14802280639523618,1.626907934017946,0.16252518379833703,-2.5444597392470573e-16,-0.181585154038476,3.2408374832411972,2.8973,0.18158515403847575,-0.0698,-0.08986407440358031,0.30984315735437384,-0.0698,0.02006407440358031,-3.012430107938394e-16,-0.018054194225706484,-1.1276381217580977,-0.7402107583032251,0.018054194225706182,-0.0175,0.19744815808837038,-0.08331078262100353,-0.0175,-0.21494815808837037,-2.1004520461535527e-17,-0.021742118689513257,0.2215108696389909,0.7398072587500627,0.021742118689513236,0.0,2.867812295919192e-06,0.0004480348505525627,0.0,-2.867812295919192e-06
89,1.0000000000000007,0.08112013993397951,0.13609780756540138,0.6054199432451067,-0.007943420745602479,0.18382165354166305,0.46959096740017275,-0.001922578263523919,0.1898922384254587,-2.5319196332355315e-16,0.03125608896419855,0.47097609819390795,0.23954873443666688,-0.0312560889641988,1.7628,1.5972431644993195,-0.3279096846276968,1.15217866399146,0.16555683550068045,-2.5444597392470573e-16,-0.18594252139225964,-2.8237456127871905,-1.7881562509333913,0.1859425213922594,-0.0698,-0.09669347313783598,-0.6578740303572204,-0.14933056212573137,0.02689347313783598,-3.012430107938394e-16,-0.016626241208322897,0.9317465283094725,1.2720716755637471,0.016626241208322595,-0.0175,0.19788294564560752,0.11900913083883977,-0.0175,-0.2153829456456075,-2.1004520461535527e-17,-0.022621202474233878,-0.21769177210158341,-0.047573920122885,0.022621202474233857,0.0,3.1556905639476125e-06,1.0997622620960575e-05,0.0,-3.1556905639476125e-06
90,1.0100000000000007,0.08303530800171283,0.13584551847598433,0.6051207580077471,-0.00780901695639997,0.1827486918329046,0.46959096629086733,-0.0019225780380613866,0.18989224025430224,-2.5319196332355315e-16,0.029880480625439406,-0.483159937352614,-0.7210248099074983,-0.02988048062543966,1.7628,1.6005032067428773,0.44001284990312395,1.6523643686331404,0.16229679325712265,-2.5444597392470573e-16,-0.17749189897496928,3.2280483148128987,2.8973,0.17749189897496903,-0.0698,-0.09298939938369954,0.3224660146708577,-0.0698,0.023189399383699544,-3.012430107938394e-16,-0.019860665635948176,-1.1002696501838707,-0.7987365986428917,0.019860665635947874,-0.0175,0.19796486446739317,-0.049585765603200466,-0.0175,-0.21546486446739316,-2.1004520461535527e-17,-0.02061220564788185,0.4320596816505377,0.39866139189545424,0.02061220564788183,0.0,4.387997024278422e-06,0.00042382530071941564,0.0,-4.387997024278422e-06
91,1.0200000000000007,0.08110008699868476,0.13563368622170158,0.6048035152625384,-0.007862877634689935,0.18101665324497992,0.469590965514603,-0.0019225778802882151,0.18989224153967646,-2.5319196332355315e-16,0.03098674287869348,0.46530731116823465,0.2441160923490967,-0.030986742878693734,1.7628,1.6010560518182961,0.015185217588156295,0.8583614961538573,0.1617439481817038,-2.5444597392470573e-16,-0.18204677253813878,-2.8504403304979817,-1.8081131230131464,0.18204677253813853,-0.0698,-0.09801864461376335,-0.5132321015826302,-0.13695081960126138,0.028218644613763347,-3.012430107938394e-16,-0.018297903344439297,0.9401144208374941,1.2591549752714537,0.018297903344438995,-0.0175,0.1984171738495095,0.12380703551371378,-0.0175,-0.21591717384950948,-2.1004520461535527e-17,-0.021346731660655288,-0.3802152801262926,-0.26716203646748304,0.021346731660655267,0.0,4.384732560284165e-06,-0.00010898085334263838,0.0,-4.384732560284165e-06
92,1.0300000000000007,0.08232028772493294,0.13538128957832885,0.6044998446868584,-0.007730043784453244,0.1801988900664067,0.46959096497139075,-0.0019225777698820723,0.18989224244308323,-2.5319196332355315e-16,0.029704029478271544,-0.479375662449522,-0.7132012541977846,-0.029704029478271797,1.7628,1.603345399166164,0.1573750265604208,1.278766367865474,0.159454600833836,-2.5444597392470573e-16,-0.17351114885143254,3.2565673341548247,2.8973,0.1735111488514323,-0.0698,-0.09571532986294633,0.19732895238915968,-0.0698,0.025915329862946326,-3.012430107938394e-16,-0.0216401412951465,-1.1325693683583653,-0.7937311940819821,0.021640141295146197,-0.0175,0.19782242822230614,-0.10940090351485963,-0.0175,-0.21532242822230613,-2.1004520461535527e-17,-0.019659519467558454,0.4290090625720989,0.5509891334115347,0.019659519467558433,0.0,5.438926797924246e-06,-3.499301697857098e-05,7.390299286036506e-05,-5.438926797924246e-06
93,1.0400000000000007,0.08065157961728689,0.13536972349872378,0.6044873721150061,-0.0077392341957160694,0.18019235728313757,0.46959096459126226,-0.0019225776926221523,0.18989224307803038,-2.5319196332355315e-16,0.030329681635234248,0.4153684862752141,0.24174342662334763,-0.0303296816352345,1.7628,1.604166630761625,0.04125228838584029,1.1182617801102672,0.158633369238375,-2.5444597392470573e-16,-0.17771715080852293,-2.8162668769562735,-1.8684781433433664,0.17771715080852268,-0.0698,-0.09429594909587201,0.13292627022241524,-0.0698,0.024495949095872008,-3.012430107938394e-16,-0.020685923408138622,0.880454426271428,1.3056904987195348,0.02068592340813832,-0.0175,0.19787970667830806,0.09479796435380597,-0.0175,-0.21537970667830808,-2.1004520461535527e-17,-0.0202663876792415,-0.3602281106058127,-0.2717329068316314,0.02026638767924148,0.0,3.836591563260825e-06,-0.0001446600959117343,0.0,-3.836591563260825e-06
94,1.0500000000000007,0.08093900064190691,0.13543442748720155,0.6045932225559084,-0.0076262630897179886,0.1807084320233727,0.4695909643252558,-0.0019225776385571854,0.18989224352429473,-2.5319196332355315e-16,0.029104241848338864,-0.47250468997752537,-0.6580059393570901,-0.029104241848339117,1.7628,1.6038569144352224,-0.08919344682442573,1.2278146655211597,0.15894308556477754,-2.5444597392470573e-16,-0.1690407952648699,3.2661610154924237,2.8973,0.16904079526486965,-0.0698,-0.09265192541642622,0.16046631629879615,-0.0698,0.022851925416426222,-3.012430107938394e-16,-0.024321468237576464,-1.1605490020904619,-0.7149670390063214,0.024321468237576162,-0.0175,0.19783393696360949,-0.051879734841685954,-0.0175,-0.21533393696360947,-2.1004520461535527e-17,-0.019238582058245607,0.3568670081129837,0.5223592120397446,0.019238582058245586,0.0,3.931197490750328e-06,5.3012615484184615e-05,0.0001139673634056477,-3.931197490750328e-06
95,1.0600000000000007,0.07985474581891681,0.13573521247562426,0.6049786056496269,-0.007651522316703591,0.18205555930532796,0.46959096413910967,-0.001922577600723547,0.189892243837946,-2.5319196332355315e-16,0.02974606136170094,0.41415123097012985,0.23967075519081243,-0.029746061361701194,1.7628,1.60222728804531,-0.20411259937171106,1.360738131342646,0.16057271195469003,-2.5444597392470573e-16,-0.1731355467086427,-2.8046038272716487,-1.9138346533734665,0.17313554670864245,-0.0698,-0.09152621408912735,0.10513822775782777,-0.0698,0.021726214089127352,-3.012430107938394e-16,-0.023658947743010465,0.8506417365338262,1.3551207479910712,0.023658947743010163,-0.0175,0.19834991155423112,0.13550081924894009,-0.0175,-0.2158499115542311,-2.1004520461535527e-17,-0.02054988824311644,-0.43072937361132324,-0.20295835164701903,0.020549888243116418,0.0,3.495094274168906e-06,-5.907485432419584e-05,0.0,-3.495094274168906e-06
96,1.0700000000000007,0.0806553470935991,0.13603666439354664,0.6053841241132624,-0.007537881170816126,0.184004961688936,0.46959096400884803,-0.0019225775742482635,0.18989224405839195,-2.5319196332355315e-16,0.028543652596111618,-0.4675568935475973,-0.6521197218637393,-0.02854365259611187,1.7628,1.599504630034165,-0.3286998119360695,1.4886942950092312,0.16329536996583482,-2.5444597392470573e-16,-0.16435453060257277,3.2734146797353194,2.8973,0.16435453060257252,-0.0698,-0.09015070884457713,0.13461342868955828,-0.0698,0.020350708844577126,-3.012430107938394e-16,-0.027503104933546144,-1.179211176960879,-0.6613701545897449,0.027503104933545842,-0.0175,0.19784091305197968,-0.08454700472968095,-0.0175,-0.21534091305197967,-2.1004520461535527e-17,-0.019275373388737742,0.3759313370039058,0.5951284795562546,0.01927537338873772,0.0,3.986343575323103e-06,3.288155238306507e-05,3.1114100130844595e-05,-3.986343575323103e-06
97,1.0800000000000007,0.07983345496586686,0.13616611020447705,0.6055460301567912,-0.007539716231019651,0.18480527210383996,0.46959096391769317,-0.0019225775557213365,0.18989224421332968,-2.5319196332355315e-16,0.02908295341480299,0.40030933854539075,0.2392076727787023,-0.029082953414803242,1.7628,1.5996019989543944,0.19721508216182743,1.6350627716627482,0.16319800104560556,-2.5444597392470573e-16,-0.1685060370766453,-2.819051561620884,-1.9585784349147393,0.16850603707664505,-0.0698,-0.0874621306424468,0.2692381102023861,-0.0698,0.017662130642446802,-3.012430107938394e-16,-0.02673058237628365,0.8852401256745894,1.3992360164292459,0.026730582376283347,-0.0175,0.19785290857472806,0.06816155261833809,-0.0175,-0.21535290857472805,-2.1004520461535527e-17,-0.01998811937155989,-0.3410143299890477,-0.22172834989400403,0.01998811937155987,0.0,1.0417983454817362e-06,-0.00014420269618505547,0.0,-1.0417983454817362e-06
98,1.0900000000000007,0.08006522178755218,0.13612694169925635,0.6054951647962554,-0.007457594755212288,0.18441903620707828,0.4695909638539047,-0.0019225775427565213,0.18989224432222584,-2.5319196332355315e-16,0.028325259732430733,-0.4287424344662526,-0.6329729658638167,-0.028325259732430986,1.7628,1.5976728440433108,-0.2245257347562564,1.108368926203017,0.16512715595668914,-2.5444597392470573e-16,-0.16002663664254632,3.2449036914544926,2.8973,0.16002663664254607,-0.0698,-0.09242671293954761,-0.43926805821809256,-0.12794106506281167,0.022626712939547614,-3.012430107938394e-16,-0.029945188767762157,-1.1211044077702965,-0.6713954666643227,0.029945188767761855,-0.0175,0.1976629779993551,-0.060013571655849744,-0.0175,-0.21516297799935508,-2.1004520461535527e-17,-0.018847973556217812,0.3645361465557793,0.5009192849615266,0.01884797355621779,0.0,2.3137775908287307e-06,0.00016259753118901075,0.00013586830942120159,-2.3137775908287307e-06
99,1.1000000000000008,0.08000802742151741,0.13631662944219486,0.6057115596475671,-0.007484453608715529,0.18515173961206416,0.46959096380926657,-0.001922577533683971,0.1898922443987622,-2.5319196332355315e-16,0.02898189596173603,0.4163122584077491,0.2021403566068047,-0.028981895961736285,1.7628,1.5971377875151687,-0.10159090657678631,1.5455429824097695,0.16566221248483126,-2.5444597392470573e-16,-0.16428877831481575,-2.823506282769176,-1.964690598314124,0.1642887783148155,-0.0698,-0.09116644815213615,0.1058444670364161,-0.0698,0.021366448152136147,-3.012430107938394e-16,-0.029176653859979754,0.8607438278771724,1.3606659179123914,0.029176653859979453,-0.0175,0.19810724004736074,0.1290048336072241,-0.0175,-0.21560724004736076,-2.1004520461535527e-17,-0.020056049174042048,-0.42032872032338064,-0.213752358106037,0.020056049174042027,0.0,3.354161029381391e-06,-5.42137540125182e-06,0.0,-3.354161029381391e-06
100,1.1100000000000008,0.08064282901949135,0.1365383521687645,0.6059768717930668,-0.007382171586032107,0.18645734407705417,0.4695909637780296,-0.001922577527335158,0.1898922444525549,-2.5319196332355315e-16,0.027813241691351468,-0.46466377225424144,-0.6481674261016394,-0.02781324169135172,1.7628,1.5954417670841015,-0.22355774930976352,1.4268886064554365,0.16735823291589846,-2.5444597392470573e-16,-0.15571078990622517,3.2562087621382814,2.8973,0.15571078990622492,-0.0698,-0.08983095910631032,0.1304228832537533,-0.0698,0.020030959106310323,-3.012430107938394e-16,-0.032929343129248466,-1.1656852846090002,-0.6273305969973368,0.03292934312924817,-0.0175,0.19780689271200175,-0.13950693870472008,-0.0175,-0.21530689271200176,-2.1004520461535527e-17,-0.018933640782571044,0.44568479211158274,0.5807771137157168,0.018933640782571023,0.0,4.0901154398154384e-06,0.0001022987253394036,0.0,-4.0901154398154384e-06
101,1.1200000000000008,0.07976089879488077,0.13688525254548325,0.6063561280574428,-0.007402888609708545,0.1882104631495089,0.4695909637561705,-0.0019225775228923683,0.18989224449036246,-2.5319196332355315e-16,0.028467770988455612,0.41273512165463666,0.24215783872342767,-0.028467770988455866,1.7628,1.5933255596519587,-0.20468783113102643,1.5624236126369513,0.16947444034804127,-2.5444597392470573e-16,-0.15995224659818055,-2.8225898253810064,-2.0105224428884823,0.1599522465981803,-0.0698,-0.08857953276871544,0.1211488246560706,-0.0698,0.01877953276871544,-3.012430107938394e-16,-0.03228527979303994,0.8520777338750942,1.4291200296429856,0.03228527979303964,-0.0175,0.19759945500683943,0.06726481299763568,-0.0175,-0.2150994550068394,-2.1004520461535527e-17,-0.019270325027275194,-0.3254889709613721,-0.29421566585101455,0.019270325027275173,0.0,3.6572285821449015e-06,-3.528552651124888e-05,0.0,-3.6572285821449015e-06
102,1.1300000000000008,0.08041658846989116,0.1371976796262512,0.6066828301174415,-0.007308689207045246,0.18977705289779268,0.46959096374087383,-0.0019225775197833806,0.18989224451693504,-2.5319196332355315e-16,0.027314460304425064,-0.45975964084672916,-0.6404772895622836,-0.027314460304425317,1.7628,1.5912656000037155,-0.20812246600606882,1.5604833539153566,0.1715343999962844,-2.5444597392470573e-16,-0.15146823551381663,3.2388120393491433,2.8973,0.15146823551381638,-0.0698,-0.0871030769891873,0.1488948864040009,-0.0698,0.017303076989187302,-3.012430107938394e-16,-0.03606300172583368,-1.1652937078321086,-0.5937954955307772,0.036063001725833384,-0.0175,0.1973749466204323,-0.06484103990320303,-0.0175,-0.21487494662043233,-2.1004520461535527e-17,-0.018028354536472443,0.3704127555995813,0.47965157117957347,0.018028354536472422,0.0,3.941468444237285e-06,2.921921409165891e-05,6.027697854089665e-06,-3.941468444237285e-06
103,1.1400000000000008,0.07957380214436197,0.13747178195862136,0.6069526854772862,-0.007340747282411835,0.1908365273037471,0.46959096373016956,-0.0019225775176077637,0.1898922445356113,-2.5319196332355315e-16,0.027972579105296234,0.4113366497346232,0.24124395841132662,-0.027972579105296488,1.7628,1.5903267984679008,-0.05096867796787981,1.580397665976344,0.1724732015320991,-2.5444597392470573e-16,-0.15588648108049485,-2.839836384681268,-2.027066155238612,0.1558864810804946,-0.0698,-0.08560611626805226,0.1257694204343209,-0.0698,0.015806116268052256,-3.012430107938394e-16,-0.03533054266460371,0.8647490669402302,1.4537977216387756,0.035330542664603413,-0.0175,0.19772058601669987,0.11172074253730943,-0.0175,-0.21522058601669986,-2.1004520461535527e-17,-0.018972783509220013,-0.3808342940442877,-0.22618591930780194,0.018972783509219993,0.0,5.180078856143579e-06,-3.055962086801104e-05,0.0,-5.180078856143579e-06
104,1.1500000000000008,0.08020843378191522,0.13770512331615953,0.6071790603231323,-0.007259297603926261,0.19182513877425691,0.4695909637226789,-0.0019225775160853042,0.18989224454873765,-2.5319196332355315e-16,0.0268881108703037,-0.450199876167127,-0.6351172825769951,-0.026888110870303954,1.7628,1.5888843899277167,-0.19825011869740755,1.4307542902246726,0.17391561007228318,-2.5444597392470573e-16,-0.14757508685637238,3.2222007809235986,2.8973,0.14757508685637213,-0.0698,-0.08476305129670571,0.07779542096167397,-0.0698,0.014963051296705707,-3.012430107938394e-16,-0.03899146676215247,-1.1568086585500006,-0.5821047256234029,0.03899146676215217,-0.0175,0.19776811935744562,-0.044150601089456384,-0.0175,-0.2152681193574456,-2.1004520461535527e-17,-0.018103756465067906,0.344856655487801,0.5326165621180476,0.018103756465067886,0.0,5.057098940594339e-06,-4.130992075814581e-05,0.0,-5.057098940594339e-06
105,1.1600000000000008,0.0794637823474089,0.13785499883315952,0.6073200682463793,-0.007295366697930385,0.1923062879175792,0.469590963717437,-0.001922577515019913,0.18989224455796339,-2.5319196332355315e-16,0.027561589363639,0.4112131704224767,0.23509498920469535,-0.02756158936363925,1.7628,1.5888720438977986,0.04522146733687671,1.589574999275673,0.17392795610220135,-2.5444597392470573e-16,-0.15213191471733753,-2.852068806394241,-2.041600086072622,0.15213191471733728,-0.0698,-0.08330298575492114,0.10981690100995556,-0.0698,0.013502985754921135,-3.012430107938394e-16,-0.03816629131659117,0.873819935657822,1.468740392647218,0.03816629131659087,-0.0175,0.1981855547786803,0.11623842697000687,-0.0175,-0.2156855547786803,-2.1004520461535527e-17,-0.019260459683895073,-0.4009316997094763,-0.2000266037672579,0.019260459683895052,0.0,4.510736663003763e-06,4.043633165502166e-05,8.531292333910988e-07,-4.510736663003763e-06
106,1.1700000000000008,0.08003015780674103,0.13787248999036775,0.6073332927623312,-0.0072051713345379735,0.19271509541983367,0.46959096371376885,-0.0019225775142743705,0.18989224456444756,-2.5319196332355315e-16,0.0265076782502068,-0.44502455146652264,-0.6317058853315907,-0.026507678250207053,1.7628,1.5883888734567457,-0.10146673342142437,1.3462021814807341,0.1744111265432542,-2.5444597392470573e-16,-0.1439425866822065,3.2079969878517414,2.8973,0.14394258668220625,-0.0698,-0.082680894216665,0.0559893719016956,-0.0698,0.012880894216664995,-3.012430107938394e-16,-0.041675815805648234,-1.1406649399628483,-0.568489605125095,0.041675815805647935,-0.0175,0.1975716392955637,-0.10784939008936346,-0.0175,-0.21507163929556372,-2.1004520461535527e-17,-0.017773818544918107,0.411243537044624,0.5550153771806368,0.017773818544918087,0.0,4.713589007788533e-06,-4.2111880238708526e-05,0.0,-4.713589007788533e-06
107,1.1800000000000008,0.07903353411593375,0.13819660518806334,0.6076250836327953,-0.007254643750404752,0.19394841180231648,0.46959096371120196,-0.0019225775137526526,0.1898922445690049,-2.5319196332355315e-16,0.02726877253810456,0.41721968350625716,0.23296312546486622,-0.027268772538104814,1.7628,1.5865844299412033,-0.2255134611567235,1.4967557457674578,0.17621557005879662,-2.5444597392470573e-16,-0.14860147896547232,-2.860030524235616,-2.056456294394091,0.14860147896547207,-0.0698,-0.0825006700208768,0.014667311414784749,-0.0698,0.012700670020876798,-3.012430107938394e-16,-0.04093541171566097,0.8512670976304706,1.4740714664080319,0.040935411715660674,-0.0175,0.1976671593027079,0.09846989072676751,-0.0175,-0.2151671593027079,-2.1004520461535527e-17,-0.018531109963695225,-0.3735823135351392,-0.2690529886852793,0.018531109963695204,0.0,3.7126270455276376e-06,-9.460371417658235e-05,4.4031681764002606e-06,-3.7126270455276376e-06
108,1.1900000000000008,0.07992798564904495,0.13808461483019788,0.6075221754283118,-0.00717436779131955,0.19373416927670678,0.46959096370940573,-0.0019225775133875638,0.18989224457220796,-2.5319196332355315e-16,0.026149750333001723,-0.4499950257345793,-0.6353698638110956,-0.026149750333001976,1.7628,1.587863522213739,0.30808865140349817,1.6352380216270965,0.17493647778626098,-2.5444597392470573e-16,-0.1406094127365306,3.180347032236687,2.8973,0.14060941273653035,-0.0698,-0.08021391330778724,0.23599581064565678,-0.0698,0.010413913307787237,-3.012430107938394e-16,-0.044443279648536005,-1.116361871825672,-0.5237838039051852,0.044443279648535707,-0.0175,0.19748266769443995,-0.07536719191202845,-0.0175,-0.21498266769443997,-2.1004520461535527e-17,-0.017637758682087296,0.3424171655563786,0.5218311932447008,0.017637758682087275,0.0,1.5409961272410173e-06,-5.0531703182022086e-05,6.490269781236125e-05,-1.5409961272410173e-06
109,1.2000000000000008,0.07864685014809636,0.1379467633710298,0.6074083667906742,-0.0072717799832435264,0.19254911586704085,0.4695909637081488,-0.0019225775131320806,0.18989224457445922,-2.5319196332355315e-16,0.02739868578545305,0.46879372992663815,0.24079702307056347,-0.027398685785453302,1.7628,1.586140560372296,-0.21118331936876142,1.0914031708865897,0.17665943962770392,-2.5444597392470573e-16,-0.14566963098787775,-2.900683816813103,-2.0554717303444443,0.1456696309878775,-0.0698,-0.08810392497253554,-0.777039806642301,-0.15268450418335888,0.018303924972535537,-3.012430107938394e-16,-0.04309103622702325,0.9118423772473814,1.4719081090139576,0.04309103622702295,-0.0175,0.19789248852413507,0.12948342104135818,-0.0175,-0.21539248852413506,-2.1004520461535527e-17,-0.019053471182854036,-0.4370717438241283,-0.20131509609968037,0.019053471182854016,0.0,2.242882788455487e-06,1.4568287349323105e-05,3.8203734164093946e-05,-2.242882788455487e-06
110,1.2100000000000009,0.08069636502379635,0.13751885915938533,0.6070047773613871,-0.0071981065917278274,0.1909165660437497,0.46959096370726916,-0.0019225775129532983,0.18989224457604148,-2.5319196332355315e-16,0.026290851117469136,-0.451893085164673,-0.6879832162102646,-0.02629085111746939,1.7628,1.5896726616480792,0.3921313545217962,1.6244588363903927,0.17312733835192073,-2.5444597392470573e-16,-0.13785437836750156,3.1705325077618625,2.8973,0.1378543783675013,-0.0698,-0.08592275296058012,0.17643506910981344,-0.0698,0.01612275296058012,-3.012430107938394e-16,-0.046464282466339935,-1.1172123889613688,-0.5671140874311977,0.046464282466339636,-0.0175,0.1979280042852178,-0.05388625690053272,-0.0175,-0.2154280042852178,-2.1004520461535527e-17,-0.018578396695419573,0.3116341766688027,0.5894995132869604,0.018578396695419552,0.0,4.076837337463935e-06,0.00012241619217524127,0.0,-4.076837337463935e-06
111,1.2200000000000009,0.07923376013522326,0.13722806899529028,0.6067142134884884,-0.007265681454973938,0.1894355940454247,0.46959096370665365,-0.0019225775128281898,0.18989224457715354,-2.5319196332355315e-16,0.027083109212508828,0.42369104342630615,0.24156627622491791,-0.02708310921250908,1.7628,1.592450967246091,0.22865824466778017,0.9928873522935697,0.170349032753909,-2.5444597392470573e-16,-0.142924368680325,-2.902116370845266,-2.067697480821852,0.14292436868032474,-0.0698,-0.08537320050622578,0.04406324132985348,-0.0698,0.015573200506225779,-3.012430107938394e-16,-0.04543601330118785,0.8816123868607935,1.4889266486920858,0.04543601330118755,-0.0175,0.19847887536950934,0.14134467277099666,-0.0175,-0.21597887536950933,-2.1004520461535527e-17,-0.020279835742567462,-0.46613831255860205,-0.1630070031054463,0.02027983574256744,0.0,3.4071754405527077e-06,-0.00012542676006117778,0.0,-3.4071754405527077e-06
112,1.2300000000000009,0.07970348034270919,0.13688595457416536,0.6063696607654279,-0.0071909177193073635,0.1886284479429625,0.4695909637062229,-0.0019225775127406407,0.18989224457793516,-2.5319196332355315e-16,0.026069799923206204,-0.44316527740504064,-0.6403559171263788,-0.026069799923206457,1.7628,1.5941468057865502,0.11914682638342207,1.134134017363492,0.1686531942134497,-2.5444597392470573e-16,-0.1351705428595201,3.1648747215078137,2.8973,0.13517054285951985,-0.0698,-0.0846202603257096,0.07448128335853299,-0.0698,0.0148202603257096,-3.012430107938394e-16,-0.04888314449875125,-1.1372476686988673,-0.5181242804512931,0.048883144498750954,-0.0175,0.19728746210227321,-0.1479834176864045,-0.0175,-0.21478746210227323,-2.1004520461535527e-17,-0.0185277544479398,0.4302504383847406,0.6283769984991416,0.01852775444793978,0.0,4.897115632917117e-06,9.53268948937703e-05,9.816935653675612e-05,-4.897115632917117e-06
113,1.2400000000000009,0.07836463193581031,0.1368627584853587,0.6063435907716506,-0.007263211540075492,0.18862288291660279,0.46959096370592146,-0.0019225775126793755,0.1898922445784845,-2.5319196332355315e-16,0.026878805036124966,0.42383765444517796,0.23460687801938898,-0.02687880503612522,1.7628,1.5945264932287877,-0.008822528778561364,1.2300787273241756,0.16827350677121222,-2.5444597392470573e-16,-0.140268223200235,-2.9040469855218394,-2.083510378631655,0.14026822320023474,-0.0698,-0.08425098928402835,0.03293440308134791,-0.0698,0.014450989284028354,-3.012430107938394e-16,-0.04808873881633513,0.8580422832263948,1.5283128246888749,0.04808873881633483,-0.0175,0.1971345046951656,0.08090101791531754,-0.0175,-0.2146345046951656,-2.1004520461535527e-17,-0.01904083314834942,-0.3458859889691779,-0.2820284028012223,0.0190408331483494,0.0,4.8657971600005785e-06,-2.0719483094223153e-05,0.0,-4.8657971600005785e-06
114,1.2500000000000009,0.0789550583435763,0.13696325721985378,0.60644922745529,-0.007229955113283443,0.1891298701783754,0.4695909637057105,-0.0019225775126365029,0.1898922445788706,-2.5319196332355315e-16,0.02590217006471371,-0.43853513582233244,-0.6388680947341797,-0.025902170064713962,1.7628,1.593837203413676,-0.11828126195467602,1.355010582948259,0.16896279658632385,-2.5444597392470573e-16,-0.1326361258129418,3.15139616285174,2.8973,0.13263612581294154,-0.0698,-0.08360631916384549,0.06414694796458956,-0.0698,0.01380631916384549,-3.012430107938394e-16,-0.05184557318981979,-1.1666463949438304,-0.4733323726957161,0.05184557318981949,-0.0175,0.19707650462144413,-0.04518738384351195,-0.0175,-0.21457650462144412,-2.1004520461535527e-17,-0.01798157031093859,0.35463685089054114,0.49821265415597304,0.01798157031093857,0.0,5.557755373982611e-06,5.9322768556147135e-05,0.0,-5.557755373982611e-06
115,1.260000000000001,0.07821457718817512,0.13735003899114895,0.6068330510901834,-0.00733648742066057,0.19046864781456763,0.4695909637055629,-0.0019225775126065017,0.18989224457914197,-2.5319196332355315e-16,0.026739729115908436,0.42569906352838266,0.23131777530462075,-0.02673972911590869,1.7628,1.5918474045016284,-0.24550952694092862,1.4699836346452668,0.1709525954983715,-2.5444597392470573e-16,-0.13785987686850162,-2.9164222895695726,-2.090307156348208,0.13785987686850137,-0.0698,-0.08333091799014619,0.023923243804360415,-0.0698,0.01353091799014619,-3.012430107938394e-16,-0.051339408345450456,0.8295234478991667,1.5814109804623864,0.05133940834545016,-0.0175,0.19768097900614523,0.14438329288295215,-0.0175,-0.21518097900614525,-2.1004520461535527e-17,-0.019298531017047395,-0.4303095417075373,-0.2107842884030326,0.019298531017047375,0.0,5.1265306665095335e-06,-6.0153124660119024e-05,0.0,-5.1265306665095335e-06
116,1.270000000000001,0.07936339554652963,0.13736069590326133,0.6068443540530244,-0.007309047359328286,0.19056571300277408,0.4695909637054596,-0.001922577512585507,0.1898922445793327,-2.5319196332355315e-16,0.025711755289465663,-0.4399169188290154,-0.6396168964556521,-0.025711755289465916,1.7628,1.5924927575788266,0.16664754066956622,1.6131302909279006,0.17030724242117334,-2.5444597392470573e-16,-0.13039174115432775,3.130713233635448,2.8973,0.1303917411543275,-0.0698,-0.08125649529861717,0.17370144618742644,-0.0698,0.01145649529861717,-3.012430107938394e-16,-0.055089825010841725,-1.145856503190293,-0.4188081811355654,0.05508982501084143,-0.0175,0.1978225043265536,-0.04575463965392215,-0.0175,-0.2153225043265536,-2.1004520461535527e-17,-0.018804594988638696,0.3121382245657617,0.5846977898439163,0.018804594988638675,0.0,6.2117216365233455e-06,0.00035767755599144785,1.9140879328042756e-05,-6.2117216365233455e-06
117,1.280000000000001,0.07838629627640677,0.13741120377896018,0.606891160919124,-0.007421458937567718,0.19039926738543014,0.46959096370538733,-0.001922577512570815,0.18989224457946674,-2.5319196332355315e-16,0.02662782983591813,0.43281368365835143,0.23422287651328808,-0.026627829835918382,1.7628,1.5923941316872239,-0.06232709494114777,1.1958103986998205,0.17040586831277604,-2.5444597392470573e-16,-0.13582826387361283,-2.9360092985541626,-2.087579304400828,0.13582826387361258,-0.0698,-0.08221729175390856,-0.11274901258753964,-0.08204948379848909,0.012417291753908558,-3.012430107938394e-16,-0.05431112181911767,0.8558332328873541,1.5865751032770243,0.054311121819117375,-0.0175,0.19843001871462077,0.14576676411661954,-0.0175,-0.21593001871462075,-2.1004520461535527e-17,-0.020511890443111712,-0.46712741019666104,-0.16170146465665228,0.02051189044311169,0.0,5.862027327141483e-06,-0.00020434756824675167,0.0,-5.862027327141483e-06
118,1.290000000000001,0.07950476834754908,0.13739792043081606,0.606876110460379,-0.007386856485882449,0.19094991866030692,0.46959096370533676,-0.0019225775125605333,0.18989224457956094,-2.5319196332355315e-16,0.02569605791214413,-0.43285151560479596,-0.6458363223456984,-0.025696057912144382,1.7628,1.5916829422107657,-0.11600776166243434,1.4255740414433562,0.17111705778923425,-2.5444597392470573e-16,-0.12843967404041917,3.1261044347818965,2.8973,0.12843967404041892,-0.0698,-0.08185486123619294,0.045662725421540075,-0.0698,0.01205486123619294,-3.012430107938394e-16,-0.0580144290224705,-1.160270390976108,-0.42134425833441513,0.0580144290224702,-0.0175,0.197270361645041,-0.14518578626685963,-0.0175,-0.21477036164504099,-2.1004520461535527e-17,-0.018769001536618368,0.429147980094401,0.6312225337415546,0.018769001536618347,0.0,5.139856781270496e-06,-1.5581085861707777e-05,0.00015745134962961982,-5.139856781270496e-06
119,1.300000000000001,0.07860832287986266,0.13771642368112091,0.6071734249185843,-0.007494685013755322,0.19230706051641488,0.4695909637053014,-0.001922577512553338,0.18989224457962717,-2.5319196332355315e-16,0.026562985684210987,0.42703461401224485,0.2272830523076409,-0.02656298568421124,1.7628,1.5897096503663861,-0.2442928443884932,1.4849442239763084,0.1730903496336138,-2.5444597392470573e-16,-0.1339007071753774,-2.939139720771796,-2.0985870424585453,0.13390070717537714,-0.0698,-0.08174637205823666,0.007958963375975174,-0.0698,0.011946372058236662,-3.012430107938394e-16,-0.05746333036104285,0.8329140272801685,1.6243858231558697,0.05746333036104255,-0.0175,0.19714043828396896,0.08281313856075564,-0.0175,-0.21464043828396895,-2.1004520461535527e-17,-0.01929512503092735,-0.34739928707124357,-0.27899596780145425,0.01929512503092733,0.0,4.333688639723122e-06,-8.335295820644836e-05,0.0,-4.333688639723122e-06
120,1.310000000000001,0.07961295523950218,0.13763970212743554,0.6070989733430415,-0.007475435473001205,0.192216175658811,0.46959096370527664,-0.0019225775125483026,0.1898922445796737,-2.5319196332355315e-16,0.02556384160146762,-0.436558033542543,-0.6395384994859348,-0.025563841601467872,1.7628,1.5907641546519062,0.26276210829430224,1.6290156414574035,0.17203584534809369,-2.5444597392470573e-16,-0.12667167713682204,3.1056167376550428,2.8973,0.1266716771368218,-0.0698,-0.0795925195255493,0.2019745149218611,-0.0698,0.009792519525549298,-3.012430107938394e-16,-0.06116597471357377,-1.1374638330842441,-0.3732073843918281,0.06116597471357347,-0.0175,0.19695052978440158,-0.06505372369601616,-0.0175,-0.2144505297844016,-2.1004520461535527e-17,-0.01827056304971501,0.34785579363639807,0.5017602873186622,0.01827056304971499,0.0,3.2543758258129907e-06,0.000495549373669394,4.868344908866339e-05,-3.2543758258129907e-06
121,1.320000000000001,0.07849427569193107,0.13757252267366063,0.6070377458050747,-0.007617479131775874,0.19135825302033413,0.46959096370525927,-0.0019225775125447787,0.18989224457970644,-2.5319196332355315e-16,0.026737659548562918,0.45771485302805426,0.23204730073080004,-0.02673765954856317,1.7628,1.5896800778157352,-0.138819520302372,1.1135246544904471,0.17311992218426475,-2.5444597392470573e-16,-0.1324298925254164,-2.968201755558969,-2.0922433205604687,0.13242989252541615,-0.0698,-0.0850452640670301,-0.507685635492974,-0.12363435871746672,0.015245264067030098,-3.012430107938394e-16,-0.06013827060456013,0.8787484226100448,1.6267916307928318,0.06013827060455983,-0.0175,0.19746077997280756,0.13923812575117636,-0.0175,-0.21496077997280755,-2.1004520461535527e-17,-0.019624459585925895,-0.43108076174545307,-0.20169128923867816,0.019624459585925874,0.0,3.799494266291935e-06,-4.742903162339765e-05,0.0,-3.799494266291935e-06
122,1.330000000000001,0.08028250599785422,0.13757922454882976,0.6070450272462526,-0.007621345213849809,0.19128776964546076,0.46959096370524717,-0.0019225775125423128,0.18989224457972942,-2.5319196332355315e-16,0.025828310803106935,-0.4345060869276449,-0.6716161294165597,-0.02582831080310719,1.7628,1.5898367206358675,-0.023043971992841316,1.5237788977764901,0.17296327936413247,-2.5444597392470573e-16,-0.12530928419259546,3.103619840545528,2.8973,0.1253092841925952,-0.0698,-0.08456184130137478,0.07278462724251904,-0.0698,0.014761841301374784,-3.012430107938394e-16,-0.06386927804575128,-1.1642372380542667,-0.39764225777356615,0.06386927804575097,-0.0175,0.197704509514626,-0.029217091876729565,-0.0175,-0.215204509514626,-2.1004520461535527e-17,-0.019133411345699666,0.3137550350286648,0.5880764384328601,0.019133411345699645,0.0,3.904223319012306e-06,3.719494418943746e-05,1.703307749306217e-05,-3.904223319012306e-06
123,1.340000000000001,0.07963422734882566,0.13786052771429372,0.6073105313577726,-0.007758271652184122,0.19208095679728987,0.46959096370523873,-0.0019225775125405868,0.18989224457974557,-2.5319196332355315e-16,0.026720217795259515,0.43205600323827,0.2278796005027874,-0.02672021779525977,1.7628,1.5887946808244466,-0.15126965428693825,1.406750206905901,0.17400531917555329,-2.5444597392470573e-16,-0.1310219488500145,-2.9658403862124394,-2.1011455670047665,0.13102194885001425,-0.0698,-0.0841921573040145,0.033067606818794275,-0.0698,0.014392157304014497,-3.012430107938394e-16,-0.06332798156763887,0.8338341061089074,1.6751914624202744,0.06332798156763857,-0.0175,0.19843240134068393,0.15539919067956973,-0.0175,-0.21593240134068392,-2.1004520461535527e-17,-0.02084966282484614,-0.4700076134948907,-0.16068774426306764,0.02084966282484612,0.0,3.377495295659626e-06,-6.735118106795769e-05,0.0,-3.377495295659626e-06
124,1.350000000000001,0.08078163329416327,0.138089448473095,0.6075091310657581,-0.0077496586535333355,0.19354190441239488,0.4695909637052328,-0.0019225775125393785,0.18989224457975692,-2.5319196332355315e-16,0.025805057482013248,-0.4326873027426301,-0.6458177456003481,-0.0258050574820135,1.7628,1.586716428615532,-0.25647743305036286,1.5433122076913646,0.17608357138446795,-2.5444597392470573e-16,-0.12390561561679639,3.101668785022148,2.8973,0.12390561561679614,-0.0698,-0.08355679854028461,0.06313021893233275,-0.0698,0.01375679854028461,-3.012430107938394e-16,-0.06720510648921336,-1.1769654681848307,-0.32721025356779887,0.06720510648921306,-0.0175,0.19734936300467945,-0.13982632042189674,-0.0175,-0.21484936300467944,-2.1004520461535527e-17,-0.019132136815307635,0.4274365662796139,0.6368049160936596,0.019132136815307614,0.0,3.7809678366792464e-06,-2.3414917723920854e-06,4.0331218702680685e-05,-3.7809678366792464e-06
125,1.360000000000001,0.08009267878757487,0.13809699059771438,0.6075043225572023,-0.007849170181715607,0.1938368309516926,0.4695909637052286,-0.0019225775125385328,0.18989224457976492,-2.5319196332355315e-16,0.026597190897822216,0.41872451151853063,0.2262468428865221,-0.02659719089782247,1.7628,1.5874792730722598,0.2587368835872932,1.6651460041261066,0.17532072692774014,-2.5444597392470573e-16,-0.12959028654810403,-2.9609044529855284,-2.1104238600877787,0.12959028654810378,-0.0698,-0.08147196866217005,0.21178447175213,-0.0698,0.011671968662170046,-3.012430107938394e-16,-0.06652148565471257,0.8693635108480617,1.714606320098535,0.06652148565471226,-0.0175,0.19701083546075945,0.04241065243152587,-0.0175,-0.21451083546075944,-2.1004520461535527e-17,-0.019328259772646288,-0.28872820078655564,-0.274379471757153,0.019328259772646267,0.0,6.799733173919077e-07,-0.00014584146147289003,0.0,-6.799733173919077e-07
126,1.370000000000001,0.08044267923715898,0.1379050221597321,0.6073337297276155,-0.007858812928927003,0.19297228588770982,0.46959096370522574,-0.0019225775125379404,0.18989224457977052,-2.5319196332355315e-16,0.025929243766572317,-0.40937301995279685,-0.6315020387011103,-0.02592924376657257,1.7628,1.5868058898982267,-0.11413604951256463,1.143828931834628,0.17599411010177324,-2.5444597392470573e-16,-0.12261827735065549,3.087757993934007,2.8973,0.12261827735065524,-0.0698,-0.08561883343591295,-0.40968765513905026,-0.11840872245476963,0.01581883343591295,-3.012430107938394e-16,-0.06990056696922436,-1.1297885638519327,-0.33719162561036364,0.06990056696922406,-0.0175,0.19674551302952134,-0.05623288193798684,-0.0175,-0.21424551302952133,-2.1004520461535527e-17,-0.01789587304529222,0.38124238185179976,0.4433542789677258,0.0178958730452922,0.0,3.2718831605220788e-06,0.00011222859680021547,0.00014040167493375476,-3.2718831605220788e-06
127,1.380000000000001,0.08030071119776402,0.13801274804479297,0.6074318673903683,-0.007990130315412926,0.1931462724104082,0.46959096370522374,-0.0019225775125375258,0.18989224457977447,-2.5319196332355315e-16,0.026835642982957236,0.433636202141817,0.20193906982021628,-0.02683564298295749,1.7628,1.5867650196387413,-0.0420587602249537,1.5220889303267506,0.17603498036125864,-2.5444597392470573e-16,-0.12843382913823267,-2.9770488048006554,-2.106811775128765,0.12843382913823242,-0.0698,-0.08535948272003152,0.04462616992176453,-0.0698,0.01555948272003152,-3.012430107938394e-16,-0.06920378190598868,0.8486735258864616,1.6889930996057252,0.06920378190598837,-0.0175,0.19727257511938714,0.13799347294603306,-0.0175,-0.21477257511938713,-2.1004520461535527e-17,-0.018945359377148675,-0.40409040857824746,-0.23807539748946216,0.018945359377148654,0.0,2.4235433699059596e-06,-4.34554403067613e-05,0.0,-2.4235433699059596e-06
128,1.390000000000001,0.08122350939354676,0.13821813787476808,0.6076179379612779,-0.008007288797889594,0.19386519107582634,0.46959096370522235,-0.0019225775125372357,0.18989224457977721,-2.5319196332355315e-16,0.025932155310498212,-0.4328478969634353,-0.6483213460054769,-0.025932155310498466,1.7628,1.5857527672335876,-0.14995734328308846,1.450338603115023,0.17704723276641232,-2.5444597392470573e-16,-0.12147023497801858,3.08845833916068,2.8973,0.12147023497801833,-0.0698,-0.08461441177806113,0.07372780455312497,-0.0698,0.014814411778061129,-3.012430107938394e-16,-0.07302519003939795,-1.171311305344227,-0.2950432706385546,0.07302519003939764,-0.0175,0.19752418179316159,-0.027247623544948286,-0.0175,-0.21502418179316157,-2.1004520461535527e-17,-0.018272636819999605,0.3279426768810641,0.5556532835954366,0.018272636819999584,0.0,3.100076306334096e-06,8.447183553640269e-05,2.4067093347513626e-05,-3.100076306334096e-06
129,1.400000000000001,0.08069864294523192,0.13854469886521809,0.6079069890337143,-0.00814664603707311,0.19484922874190216,0.46959096370522135,-0.001922577512537033,0.18989224457977918,-2.5319196332355315e-16,0.026812469935202428,0.4305311516395071,0.22539065447944756,-0.02681246993520268,1.7628,1.5846734329526149,-0.09377346721908106,1.566335205414387,0.17812656704738505,-2.5444597392470573e-16,-0.12733040185067251,-2.980767708485952,-2.1166964593365334,0.12733040185067226,-0.0698,-0.08371149217980024,0.08362014404836737,-0.0698,0.013911492179800242,-3.012430107938394e-16,-0.07246804240434647,0.8417105084455869,1.7555128256594081,0.07246804240434616,-0.0175,0.1981815481156166,0.14154134383568565,-0.0175,-0.21568154811561663,-2.1004520461535527e-17,-0.01974159176110858,-0.4383936530463619,-0.18176158232106743,0.01974159176110856,0.0,3.0118675680319946e-06,-4.925075119991497e-05,0.0,-3.0118675680319946e-06
130,1.410000000000001,0.08175939064521245,0.13879808679206787,0.6081130160728929,-0.008154807461345042,0.1960330274982244,0.4695909637052207,-0.0019225775125368912,0.18989224457978054,-2.5319196332355315e-16,0.025918582074603437,-0.43025734715717945,-0.6450309111211285,-0.02591858207460369,1.7628,1.5829501063833344,-0.2222147200109685,1.5187860035981615,0.17984989361666548,-2.5444597392470573e-16,-0.12039377970417078,3.0849998073483573,2.8973,0.12039377970417053,-0.0698,-0.08308756436760335,0.05819676004188979,-0.0698,0.013287564367603352,-3.012430107938394e-16,-0.07627470044250016,-1.168035663296143,-0.2619661692108176,0.07627470044249986,-0.0175,0.19773338113445998,-0.09681092524209087,-0.0175,-0.21523338113446,-2.1004520461535527e-17,-0.018543190352779473,0.3884377015859436,0.5963263871352305,0.018543190352779453,0.0,4.266745445462752e-06,7.314771183422738e-05,2.515581065565901e-05,-4.266745445462752e-06
131,1.420000000000001,0.08118816980477847,0.13877746915310435,0.6080851398701052,-0.008263959614986563,0.1960838506703971,0.46959096370522013,-0.0019225775125367918,0.18989224457978152,-2.5319196332355315e-16,0.026730982043367147,0.42043243835457167,0.22290869056034993,-0.0267309820433674,1.7628,1.5840597008644388,0.2935900792865348,1.6610138689442924,0.1787402991355611,-2.5444597392470573e-16,-0.12624253676912703,-2.9772099244616284,-2.121849569714993,0.12624253676912678,-0.0698,-0.0810461210748344,0.20763445928706922,-0.0698,0.0112461210748344,-3.012430107938394e-16,-0.07552582367261741,0.8742954062395608,1.7782332668361418,0.0755258236726171,-0.0175,0.19766709841947896,0.0621972306375957,-0.0175,-0.21516709841947895,-2.1004520461535527e-17,-0.01914829903255622,-0.3310899739004086,-0.24009217876370798,0.019148299032556198,0.0,1.721098719236558e-06,-0.00010187285987264816,0.0,-1.721098719236558e-06
132,1.430000000000001,0.08160036015578265,0.13851929739353133,0.6078702568507224,-0.008279534769177688,0.19499341425104358,0.46959096370521985,-0.0019225775125367229,0.18989224457978218,-2.5319196332355315e-16,0.02607246616722184,-0.4084550856723353,-0.6342802947015109,-0.026072466167222093,1.7628,1.5837498108178727,-0.07625965863714235,1.1363323137979542,0.17905018918212723,-2.5444597392470573e-16,-0.11942007943593916,3.073910076279925,2.8973,0.11942007943593891,-0.0698,-0.08519937470666354,-0.4067298951462003,-0.11766549068839402,0.01539937470666354,-3.012430107938394e-16,-0.07883903442433217,-1.1219098461755843,-0.27008881685862396,0.07883903442433186,-0.0175,0.19742800805987148,-0.062306750210116724,-0.0175,-0.2149280080598715,-2.1004520461535527e-17,-0.01794854017853253,0.3689456179886721,0.48427636616085823,0.01794854017853251,0.0,4.582528128289565e-06,0.00013359200595675484,8.81040701187557e-05,-4.582528128289565e-06
133,1.440000000000001,0.081457784335352,0.13856410105159195,0.6079104009869509,-0.008412239075971304,0.1949546217973607,0.4695909637052196,-0.001922577512536675,0.18989224457978268,-2.5319196332355315e-16,0.026990156514403382,0.4345070284505327,0.19987535633455855,-0.026990156514403636,1.7628,1.5840683698735094,-0.006804501023118168,1.5086611720941603,0.17873163012649051,-2.5444597392470573e-16,-0.1253681960477112,-2.990054632885239,-2.118549440792414,0.12536819604771096,-0.0698,-0.08496129734506108,0.04066925214618902,-0.0698,0.015161297345061081,-3.012430107938394e-16,-0.07805713151002361,0.8573034974858673,1.7526221215702393,0.0780571315100233,-0.0175,0.19787881448847935,0.129979427267695,-0.0175,-0.21537881448847934,-2.1004520461535527e-17,-0.019123557850242875,-0.4167027826450952,-0.225357296560412,0.019123557850242855,0.0,3.904555989697994e-06,-3.533153307018728e-05,0.0,-3.904555989697994e-06
134,1.450000000000001,0.08235183605480018,0.1387060711289645,0.6080324096604919,-0.008429892748120584,0.19545956514460053,0.4695909637052193,-0.0019225775125366411,0.18989224457978301,-2.5319196332355315e-16,0.026098674649924828,-0.4314882105162787,-0.6504282805657617,-0.02609867464992508,1.7628,1.5834079088661337,-0.1148056851769457,1.4366575420350423,0.17939209113386623,-2.5444597392470573e-16,-0.11852360717768326,3.0771875651699103,2.8973,0.11852360717768301,-0.0698,-0.08425608101271896,0.06988133069067735,-0.0698,0.01445608101271896,-3.012430107938394e-16,-0.08177722019935689,-1.1603276463172822,-0.2328464454056809,0.08177722019935658,-0.0175,0.19801414506300247,-0.04044245721974949,-0.0175,-0.21551414506300248,-2.1004520461535527e-17,-0.018505226659938367,0.3258521489067078,0.569691245447038,0.018505226659938347,0.0,4.4685458439578105e-06,4.369228751781502e-05,4.095085152603326e-06,-4.4685458439578105e-06
135,1.460000000000001,0.08178393930529183,0.13907802927076768,0.6083413792789749,-0.008569970219692767,0.19673567750102045,0.4695909637052193,-0.0019225775125366175,0.18989224457978324,-2.5319196332355315e-16,0.027008638412145087,0.4329264234471101,0.22269881331687807,-0.02700863841214534,1.7628,1.5817240841067117,-0.18210187738751846,1.5499424142478755,0.1810759158932882,-2.5444597392470573e-16,-0.1245071479785989,-2.994803743948707,-2.1289987077484462,0.12450714797859865,-0.0698,-0.08376537771284401,0.05647482103238626,-0.0698,0.013965377712844007,-3.012430107938394e-16,-0.08118386405132912,0.838685163266099,1.814545407912135,0.08118386405132881,-0.0175,0.19826982141104907,-0.027466689281979928,-0.0175,-0.21576982141104906,-2.1004520461535527e-17,-0.020346171274331214,-0.5807644280451998,-0.177810335627201,0.020346171274331193,0.0,3.307497355643535e-06,-1.219050579456433e-05,0.0,-3.307497355643535e-06
136,1.470000000000001,0.08298253052886762,0.138853987482884,0.6081303066483023,-0.008567745832553063,0.19645898157728844,0.4695909637052193,-0.001922577512536601,0.1898922445797834,-2.5319196332355315e-16,0.026047429830010963,-0.4359591111302217,-0.6489955307442727,-0.026047429830011216,1.7628,1.5833418990177877,0.34184788472067335,1.630709204533824,0.17945810098221227,-2.5444597392470573e-16,-0.11775943264211886,3.062142996581467,2.8973,0.1177594326421186,-0.0698,-0.08134782973883936,0.2464532367987015,-0.0698,0.01154782973883936,-3.012430107938394e-16,-0.08483670200614327,-1.1333728101498792,-0.1892142508554685,0.08483670200614296,-0.0175,0.19731267537959396,-0.12539433052747834,-0.0175,-0.21481267537959398,-2.1004520461535527e-17,-0.020942120212134624,0.2236311584424754,0.7435337982398493,0.020942120212134603,0.0,1.6460962690200227e-06,-3.059136146421904e-05,0.0,-1.6460962690200227e-06
137,1.480000000000001,0.08192574211091525,0.13864945011036522,0.6079724679341943,-0.00873517774617975,0.19516650104770183,0.4695909637052193,-0.0019225775125365895,0.18989224457978351,-2.5319196332355315e-16,0.02736637604742709,0.4769834932384635,0.22757967249013195,-0.027366376047427345,1.7628,1.5818854302220702,-0.18724064842044472,1.0938169231370247,0.18091456977792975,-2.5444597392470573e-16,-0.12400631017938261,-3.016126541581859,-2.1200675354445178,0.12400631017938236,-0.0698,-0.08921547199259686,-0.7785449187739288,-0.15407059888798663,0.019415471992596856,-3.012430107938394e-16,-0.08360083631956797,0.9080138112033471,1.812066426199023,0.08360083631956766,-0.0175,0.1975305630556524,0.11585765752011268,-0.0175,-0.21503056305565238,-2.1004520461535527e-17,-0.0222423168528344,-0.3087038681245977,-0.05609419674539856,0.022242316852834378,0.0,2.537912814505255e-06,2.410928211443308e-05,1.742259131205886e-05,-2.537912814505255e-06
138,1.490000000000001,0.08407237276727564,0.13813870924648197,0.6075228722835063,-0.008737624079870707,0.19315517708294996,0.4695909637052193,-0.0019225775125365817,0.1898922445797836,-2.5319196332355315e-16,0.02638933574935677,-0.4406232727743896,-0.6959145016178823,-0.026389335749357024,1.7628,1.5861578468579496,0.49514113139144544,1.6345572066438827,0.17664215314205034,-2.5444597392470573e-16,-0.11727014212810215,3.064912496099657,2.8973,0.1172701421281019,-0.0698,-0.08676652004816081,0.2043555368564239,-0.0698,0.016966520048160807,-3.012430107938394e-16,-0.08700780436117787,-1.1202840382078965,-0.23920712064680583,0.08700780436117757,-0.0175,0.19787699669181386,-0.01669887116015519,-0.0175,-0.21537699669181387,-2.1004520461535527e-17,-0.020938394152375632,0.37497464426294236,0.48664240294727273,0.02093839415237561,0.0,5.1219014059636e-06,0.00014365314081055404,0.0,-5.1219014059636e-06
139,1.500000000000001,0.08257455852180538,0.13772533756601066,0.6071350808980776,-0.008873277988622186,0.19114611706157889,0.4695909637052193,-0.0019225775125365767,0.18989224457978365,-2.5319196332355315e-16,0.02730782918828546,0.4371082475999508,0.22950858677953342,-0.027307829188285712,1.7628,1.5898786982934403,0.32151040771650946,0.9179960937449573,0.17292130170655962,-2.5444597392470573e-16,-0.12340449835327633,-3.0083611092256852,-2.126751359074842,0.12340449835327608,-0.0698,-0.08611487030738041,0.05257331708509382,-0.0698,0.016314870307380408,-3.012430107938394e-16,-0.08597636095390039,0.8842057465548802,1.8163464730973171,0.08597636095390009,-0.0175,0.19861830072010947,0.1515775328021669,-0.0175,-0.21611830072010946,-2.1004520461535527e-17,-0.0221899014607075,-0.43071478399261476,-0.20746749104393747,0.02218990146070748,0.0,4.0601122496775655e-06,-0.00016854148907082263,0.0,-4.0601122496775655e-06
140,1.5100000000000011,0.08302964035030858,0.13725895313084424,0.6066744418842045,-0.00886032800821773,0.18980368394145938,0.4695909637052193,-0.0019225775125365728,0.1898922445797837,-2.5319196332355315e-16,0.02640920938337719,-0.43308642891631544,-0.6555708811062365,-0.026409209383377444,1.7628,1.5925031823113531,0.21228380409406092,1.0618600059359675,0.1702968176886468,-2.5444597392470573e-16,-0.11666779951313816,3.0658505759990184,2.8973,0.11666779951313791,-0.0698,-0.08530309246127322,0.07998743944082673,-0.0698,0.015503092461273224,-3.012430107938394e-16,-0.08936887135271278,-1.1301144801250889,-0.19639485892367947,0.08936887135271247,-0.0175,0.1974962949767169,-0.1429798905570738,-0.0175,-0.2149962949767169,-2.1004520461535527e-17,-0.020132120814910566,0.45534720137496276,0.6082339956782746,0.020132120814910545,0.0,5.158305296252205e-06,6.76209591080116e-05,0.0001360605910734021,-5.158305296252205e-06
141,1.5200000000000011,0.08167242056200893,0.13711802944287266,0.6065256512689883,-0.008984972513291226,0.18928568298951837,0.4695909637052193,-0.0019225775125365702,0.18989224457978374,-2.5319196332355315e-16,0.027326194940553456,0.4352267597598238,0.22181275384929589,-0.02732619494055371,1.7628,1.5938118501368046,0.08366718885252056,1.1500907374151135,0.16898814986319532,-2.5444597392470573e-16,-0.12274318644477199,-3.0007090738051554,-2.1325081798939154,0.12274318644477174,-0.0698,-0.08486256884869163,0.03991212647690745,-0.0698,0.01506256884869163,-3.012430107938394e-16,-0.08847033763139597,0.8708028749971111,1.8450654509467888,0.08847033763139567,-0.0175,0.19734865796985385,0.07942032646869658,-0.0175,-0.21484865796985386,-2.1004520461535527e-17,-0.020459577915274883,-0.3308790277778263,-0.2942902348556784,0.020459577915274862,0.0,5.0332320865948256e-06,-2.661524104856559e-05,0.0,-5.0332320865948256e-06
142,1.5300000000000011,0.08223796335572792,0.13709106463021548,0.6064998307495858,-0.008959023212220075,0.18925149658774795,0.4695909637052193,-0.001922577512536568,0.18989224457978376,-2.5319196332355315e-16,0.026423200032397537,-0.4417099676097887,-0.6538363192842535,-0.02642320003239779,1.7628,1.5940428894987013,-0.026043161538326517,1.2682380100530422,0.1687571105012986,-2.5444597392470573e-16,-0.11618019441661312,2.9896230319217327,2.8973,0.11618019441661287,-0.0698,-0.0841732994383942,0.06687697279793668,-0.0698,0.014373299438394202,-3.012430107938394e-16,-0.09135580938578208,-0.7909888615935454,-0.16304017394594572,0.09135580938578178,-0.0175,0.197269791870283,-0.04811626573636479,-0.0175,-0.214769791870283,-2.1004520461535527e-17,-0.019259108468612403,0.3762618573360093,0.4945556511000252,0.019259108468612382,0.0,6.69763185953429e-06,0.0005953901629947181,0.0,-6.69763185953429e-06
143,1.5400000000000011,0.08139065146815502,0.13732916822781785,0.6067426145521856,-0.0089018479006586,0.19001431400935256,0.4695909637052193,-0.0019225775125365665,0.18989224457978376,-2.5319196332355315e-16,0.027236358615621733,0.4238916066249113,0.23032436735060638,-0.027236358615621986,1.7628,1.5929841319719937,-0.15257957434836628,1.3761000455487153,0.1698158680280062,-2.5444597392470573e-16,-0.12294260398193511,-3.0649903523360678,-2.0601814765888298,0.12294260398193486,-0.0698,-0.08384002604308573,0.02978297336778092,-0.0698,0.014040026043085727,-3.012430107938394e-16,-0.08723005029582476,1.1827243367524813,1.5218353366797996,0.08723005029582445,-0.0175,0.19783325938328172,0.13988744005612103,-0.0175,-0.21533325938328174,-2.1004520461535527e-17,-0.020407983571796833,-0.41606912322524203,-0.22218898958711025,0.020407983571796812,0.0,5.759488715915015e-06,-0.0001362165071939252,0.0,-5.759488715915015e-06
144,1.5500000000000012,0.08212648867603345,0.1376521892179971,0.6070668317733051,-0.008741238922849531,0.1913123685198139,0.4695909637052193,-0.0019225775125365655,0.18989224457978376,-2.5319196332355315e-16,0.02625865827317134,-0.4389265605199032,-0.6417824755498872,-0.026258658273171594,1.7628,1.5908652418443885,-0.2604714329365364,1.5111065185724157,0.17193475815561143,-2.5444597392470573e-16,-0.11682971679251594,3.0053556739505596,2.8973,0.11682971679251569,-0.0698,-0.08324266449734184,0.05944475154340748,-0.0698,0.013442664497341841,-3.012430107938394e-16,-0.08783619617614377,-0.8581029018386097,-0.48488393438588573,0.08783619617614347,-0.0175,0.19804620653375052,-0.03432426005720071,-0.0175,-0.2155462065337505,-2.1004520461535527e-17,-0.01979274082301733,0.32489036188704096,0.5793329917996165,0.01979274082301731,0.0,5.674629838875726e-06,3.120991552503689e-06,9.014059746660507e-05,-5.674629838875726e-06
145,1.5600000000000012,0.08145582698517384,0.13771352303436393,0.6071285813925699,-0.008690365886391781,0.19150939885541304,0.4695909637052193,-0.0019225775125365644,0.18989224457978376,-2.5319196332355315e-16,0.026990179482223448,0.41259417957427147,0.22885729433453045,-0.0269901794822237,1.7628,1.5915997412399654,0.25630345849409275,1.6359494981814278,0.17120025876003453,-2.5444597392470573e-16,-0.1234006870009767,-3.0447842366923474,-2.070717939610434,0.12340068700097645,-0.0698,-0.08118494796952942,0.20927855232140324,-0.0698,0.011384947969529421,-3.012430107938394e-16,-0.08413356569996541,1.1601692331806257,1.5607924712477574,0.08413356569996511,-0.0175,0.19842975203321156,0.09988510238192702,-0.0175,-0.21592975203321157,-2.1004520461535527e-17,-0.021033527234121805,-0.3953008577593018,-0.16654843530290248,0.021033527234121784,0.0,2.5741911757956597e-06,-0.0001517481266044603,0.0,-2.5741911757956597e-06
146,1.5700000000000012,0.0817594365464048,0.13746741440180546,0.6068970807049933,-0.008536813559221437,0.19064864280878224,0.4695909637052193,-0.0019225775125365642,0.18989224457978376,-2.5319196332355315e-16,0.026240039733567436,-0.4172938226739721,-0.628515615432061,-0.02624003973356769,1.7628,1.5909119225925459,-0.11529248835941251,1.1132986115861834,0.17188807740745404,-2.5444597392470573e-16,-0.11718898566428664,3.014335422471646,2.8973,0.11718898566428639,-0.0698,-0.08535392428812309,-0.4107191497819874,-0.11819896856516787,0.015553924288123092,-3.012430107938394e-16,-0.08467857290754362,-0.8543068989947821,-0.48710070758090485,0.08467857290754331,-0.0175,0.1976653212851645,-0.10151627263685843,-0.0175,-0.21516532128516452,-2.1004520461535527e-17,-0.01951522092603352,0.39353666245601815,0.5635690756322761,0.0195152209260335,0.0,5.08754245794446e-06,8.743654991459122e-05,0.00013115459719809504,-5.08754245794446e-06
147,1.5800000000000012,0.08127940371932882,0.13752412981119522,0.6069538768745205,-0.008514244257695348,0.19082299454097637,0.4695909637052193,-0.0019225775125365642,0.18989224457978376,-2.5319196332355315e-16,0.0270745867743393,0.42635171267596295,0.20737350480543057,-0.027074586774339552,1.7628,1.5908568030490424,-0.043737074024786236,1.4903971076190448,0.1719431969509575,-2.5444597392470573e-16,-0.12366760918806206,-3.039116496633926,-2.076823537157355,0.12366760918806181,-0.0698,-0.085113833893291,0.042333208781626316,-0.0698,0.015313833893290996,-3.012430107938394e-16,-0.08132766513257196,1.107018138074978,1.5317354822551286,0.08132766513257166,-0.0175,0.19783340053066312,0.10695435867251915,-0.0175,-0.21533340053066313,-2.1004520461535527e-17,-0.020423344904187908,-0.3886989399933882,-0.23741489504775015,0.020423344904187887,0.0,4.0665940204709445e-06,-5.8724846864823556e-05,0.0,-4.0665940204709445e-06
148,1.5900000000000012,0.08188596299601163,0.13768417073041947,0.6071135020767079,-0.0083883503055508,0.19152812103442915,0.4695909637052193,-0.0019225775125365642,0.18989224457978376,-2.5319196332355315e-16,0.026103557992894065,-0.43930535981509833,-0.6429484068706793,-0.02610355799289432,1.7628,1.589824290623369,-0.1520095777547531,1.4192826496324462,0.17297570937663087,-2.5444597392470573e-16,-0.11729790009088233,3.0307881711232314,2.8973,0.11729790009088208,-0.0698,-0.08439512842546221,0.07112320044406809,-0.0698,0.014595128425462206,-3.012430107938394e-16,-0.08267824557864059,-0.9316283974712355,-0.4563968170144047,0.08267824557864029,-0.0175,0.19785607940205707,-0.0462630407356649,-0.0175,-0.2153560794020571,-2.1004520461535527e-17,-0.019618900770046525,0.33878262653551094,0.5520856992268913,0.019618900770046504,0.0,4.4631422701846954e-06,3.2028145600122175e-05,2.6192094701056e-05,-4.4631422701846954e-06
149,1.6000000000000012,0.08107874809736043,0.13813691264718211,0.6075388075797593,-0.008402655578151334,0.1930871771806837,0.4695909637052193,-0.0019225775125365642,0.18989224457978376,-2.5319196332355315e-16,0.02694602532403612,0.4270903212471255,0.23047689587194378,-0.026946025324036373,1.7628,1.5874941653641232,-0.280070218144009,1.5358152527678,0.17530583463587668,-2.5444597392470573e-16,-0.12369482093866864,-3.0315907224744723,-2.0924049703961747,0.12369482093866839,-0.0698,-0.08403715173709961,0.03200516014740295,-0.0698,0.014237151737099607,-3.012430107938394e-16,-0.07990293739841112,1.0511597332564435,1.5930543621003577,0.07990293739841081,-0.0175,0.19843909377307378,0.14221416868741335,-0.0175,-0.2159390937730738,-2.1004520461535527e-17,-0.02110554097050421,-0.44807397984740566,-0.1818314203751389,0.02110554097050419,0.0,3.851029296373923e-06,-7.468990918372916e-05,0.0,-3.851029296373923e-06
150,1.6100000000000012,0.08214190697587079,0.1380505264626567,0.6074537318682637,-0.008272484074219173,0.1932810050754899,0.4695909637052193,-0.0019225775125365642,0.18989224457978376,-2.5319196332355315e-16,0.025905153221188356,-0.443975808088948,-0.6426585238394165,-0.02590515322118861,1.7628,1.5882603070076897,0.2578739129169708,1.6825168952310223,0.1745396929923102,-2.5444597392470573e-16,-0.11725992213982878,3.0314220527764224,2.8973,0.11725992213982853,-0.0698,-0.08161175535036755,0.24904942140035552,-0.0698,0.011811755350367548,-3.012430107938394e-16,-0.08150998744214932,-0.9368313952624667,-0.411936234069157,0.08150998744214902,-0.0175,0.19763533549302634,-0.11740359748660859,-0.0175,-0.21513533549302633,-2.1004520461535527e-17,-0.019984178177616295,0.36058790415225533,0.6169183076114392,0.019984178177616274,0.0,1.758214369053553e-06,-6.40640076898206e-05,4.3881674812737775e-05,-1.758214369053553e-06
151,1.6200000000000012,0.08076847287885694,0.1379754415896136,0.6073934195093844,-0.008325990133274919,0.19248105955937742,0.4695909637052193,-0.0019225775125365642,0.18989224457978376,-2.5319196332355315e-16,0.027155626156610192,0.4712647843062384,0.2367345823194391,-0.027155626156610446,1.7628,1.5859477625994427,-0.27378786005424294,1.1384436310215107,0.17685223740055722,-2.5444597392470573e-16,-0.12381512405513535,-3.048548273679917,-2.0933426756577944,0.1238151240551351,-0.0698,-0.08948623958581724,-0.7805109996555702,-0.15455537859741514,0.019686239585817236,-3.012430107938394e-16,-0.07844138518841787,1.0808437315837403,1.5889112947996589,0.07844138518841756,-0.0175,0.19776885662430035,0.1087256572935609,-0.0175,-0.21526885662430034,-2.1004520461535527e-17,-0.021183205957717187,-0.413404686860427,-0.20071447873132514,0.021183205957717166,0.0,2.4660303346214383e-06,4.9519742983394424e-06,4.999829273739217e-05,-2.4660303346214383e-06
152,1.6300000000000012,0.0828006426248612,0.1374594423207786,0.6069044794282257,-0.00821444160190437,0.19060577748587357,0.4695909637052193,-0.0019225775125365652,0.18989224457978376,-2.5319196332355315e-16,0.02609191078752814,-0.45125780933670046,-0.688509793559122,-0.026091910787528393,1.7628,1.5902730066887316,0.6115420397498903,1.6886057592587007,0.1725269933112683,-2.5444597392470573e-16,-0.11737756225089283,3.035691582207776,2.8973,0.11737756225089258,-0.0698,-0.08652565380430455,0.29893434195841156,-0.0698,0.016725653804304547,-3.012430107938394e-16,-0.08014828893012257,-0.9486014596295137,-0.45331265007639976,0.08014828893012227,-0.0175,0.19765281783083447,-0.06884942472897772,-0.0175,-0.21515281783083445,-2.1004520461535527e-17,-0.020564042059713992,0.3206872428774198,0.5828703345221643,0.02056404205971397,0.0,1.531852640453106e-06,-6.352821562691608e-05,0.0,-1.531852640453106e-06
153,1.6400000000000012,0.08107360010341312,0.1369656421615863,0.6063916069926023,-0.00828918658226856,0.18773877810753373,0.4695909637052193,-0.0019225775125365663,0.18989224457978376,-2.5319196332355315e-16,0.02738473098666733,0.48183894568102126,0.24252252303647331,-0.027384730986667584,1.7628,1.5911781193755536,0.03736820257026753,0.7686739067402562,0.17162188062444628,-2.5444597392470573e-16,-0.1239531826550903,-3.0538333355279095,-2.0966710842006355,0.12395318265509005,-0.0698,-0.09468928017973331,-0.8355358119126096,-0.1651291115239752,0.02488928017973331,-3.012430107938394e-16,-0.07711870282292144,1.0812454028539311,1.5897877710704917,0.07711870282292113,-0.0175,0.19816288626231401,0.14184073831753213,-0.0175,-0.215662886262314,-2.1004520461535527e-17,-0.022203972090856495,-0.4601615389831548,-0.15617490639970802,0.022203972090856474,0.0,2.5006799248011132e-06,-2.7778807222035896e-05,5.1273394503291236e-05,-2.5006799248011132e-06
154,1.6500000000000012,0.0828546420377442,0.13655485357331754,0.6059390711221406,-0.00820988725181026,0.1857823328415213,0.4695909637052193,-0.0019225775125365674,0.18989224457978376,-2.5319196332355315e-16,0.026426449700634,-0.4537138321077353,-0.7009167935743619,-0.026426449700634253,1.7628,1.5944535057667042,0.32331483757306084,1.3356068424253027,0.16834649423329573,-2.5444597392470573e-16,-0.11744972347634741,3.0540759732098905,2.8973,0.11744972347634716,-0.0698,-0.09411824638507933,0.1691774275299746,-0.0698,0.02431824638507933,-3.012430107938394e-16,-0.079100350078612,-1.00338003605288,-0.46429578027056206,0.0791003500786117,-0.0175,0.19836766391563007,-0.03691699033829842,-0.0175,-0.21586766391563006,-2.1004520461535527e-17,-0.02188129741155664,0.3020771248487636,0.6377933157100066,0.02188129741155662,0.0,3.193852869745212e-06,4.4624131413086025e-05,7.77336782362699e-06,-3.193852869745212e-06
155,1.6600000000000013,0.08167417738175307,0.13634342987940434,0.6056913811491179,-0.008261415359376838,0.1847906391826509,0.4695909637052193,-0.0019225775125365685,0.18989224457978376,-2.5319196332355315e-16,0.027278697870100135,0.43717597178249945,0.24230223450266128,-0.02727869787010039,1.7628,1.596870274859139,0.1942774862456159,1.023457116293305,0.1659297251408609,-2.5444597392470573e-16,-0.12372719460777333,-3.026630548711137,-2.114478185399113,0.12372719460777308,-0.0698,-0.09282853594005827,0.12150386333904666,-0.0698,0.02302853594005827,-3.012430107938394e-16,-0.07693316995675115,0.9965362440314698,1.6361828366817734,0.07693316995675084,-0.0175,0.1984676956243897,0.022033975495084568,-0.0175,-0.21596769562438972,-2.1004520461535527e-17,-0.02415205016158137,-0.5807670559910484,-0.12702674555631063,0.02415205016158135,0.0,3.0817918264970513e-06,-1.781190191845478e-05,0.0,-3.0817918264970513e-06
156,1.6700000000000013,0.08212751888666764,0.1362043180604422,0.6055371440841982,-0.008197385698567006,0.18433534968202372,0.4695909637052193,-0.0019225775125365696,0.18989224457978376,-2.5319196332355315e-16,0.026296351913984595,-0.44744205944759663,-0.6554055547433025,-0.02629635191398485,1.7628,1.59817564819124,0.07910987452632293,1.1331603148812714,0.16462435180876,-2.5444597392470573e-16,-0.11716014210897702,3.0545455876883576,2.8973,0.11716014210897677,-0.0698,-0.09136969097840399,0.1421315269700234,-0.0698,0.021569690978403985,-3.012430107938394e-16,-0.07941160258211302,-1.0458534963343176,-0.38107088437746306,0.07941160258211272,-0.0175,0.19825557772236438,-0.025379136012671614,-0.0175,-0.21575557772236437,-2.1004520461535527e-17,-0.02477323310179228,0.2232367018381563,0.7739834572836992,0.02477323310179226,0.0,3.5921597650105876e-06,4.6825719757700285e-05,0.0,-3.5921597650105876e-06
157,1.6800000000000013,0.08119931779702,0.1362988811516125,0.6056448910376939,-0.00825804967427915,0.18473708666960353,0.4695909637052193,-0.0019225775125365707,0.18989224457978376,-2.5319196332355315e-16,0.027149386028858614,0.4326882835221221,0.23707124413571784,-0.027149386028858868,1.7628,1.5981532347112286,-0.04880997560630182,1.237884939943757,0.1646467652887713,-2.5444597392470573e-16,-0.12329878378720352,-3.0002439855010112,-2.1172644508165437,0.12329878378720327,-0.0698,-0.09034095647870798,0.09645156714964954,-0.0698,0.020540956478707975,-3.012430107938394e-16,-0.07753813433939474,0.9810059689187776,1.6811463169912193,0.07753813433939444,-0.0175,0.19845679254808674,0.005463227824513105,-0.0175,-0.21595679254808675,-2.1004520461535527e-17,-0.024659435362172685,-0.008879530102033182,-0.025050837023818218,0.024659435362172664,0.0,3.418264297888082e-06,-2.0066166040044836e-05,0.0,-3.418264297888082e-06
158,1.6900000000000013,0.08172420901218663,0.1364476457896921,0.6058294393027475,-0.008192499941538832,0.18568203304765216,0.4695909637052193,-0.0019225775125365717,0.18989224457978376,-2.5319196332355315e-16,0.026170995563821388,-0.4443691137321962,-0.649883371752993,-0.02617099556382164,1.7628,1.5970403350325848,-0.16137105763893012,1.3659840979164724,0.16575966496741512,-2.5444597392470573e-16,-0.11656398673306462,3.066422208249727,2.8973,0.11656398673306437,-0.0698,-0.0891200060118923,0.11930236612351094,-0.0698,0.019320006011892293,-3.012430107938394e-16,-0.08020370465502935,-1.0654256588166888,-0.36070089420362206,0.08020370465502905,-0.0175,0.1981948008201047,-0.05575020425508926,-0.0175,-0.21569480082010473,-2.1004520461535527e-17,-0.021070068492539482,0.5630628073582296,0.2061550129994145,0.02107006849253946,0.0,3.6704607982151876e-06,3.230727717899597e-05,0.0,-3.6704607982151876e-06
159,1.7000000000000013,0.08059836221308311,0.13685787241041514,0.6062802370667182,-0.00827144389175297,0.1874815010617473,0.4695909637052193,-0.0019225775125365726,0.18989224457978376,-2.5319196332355315e-16,0.02703784682692915,0.43394739056979287,0.23500114922162305,-0.027037846826929404,1.7628,1.594612045739381,-0.29032629735526294,1.487448377378251,0.16818795426061883,-2.5444597392470573e-16,-0.12267247912958412,-3.0069137731930784,-2.1339103143852123,0.12267247912958387,-0.0698,-0.08830609317780608,0.07577054062194676,-0.0698,0.018506093177806077,-3.012430107938394e-16,-0.07866874477421024,0.9334264252701181,1.7070552960569212,0.07866874477420993,-0.0175,0.1984320688743146,0.09493843658706606,-0.0175,-0.2159320688743146,-2.1004520461535527e-17,-0.020694015207637622,-0.28013273756305096,-0.39450225941791384,0.0206940152076376,0.0,3.1680498760941092e-06,-6.394906517277631e-05,0.0,-3.1680498760941092e-06
160,1.7100000000000013,0.08146279628762204,0.13677904365992063,0.6062115716609876,-0.008201021096490638,0.187918058043044,0.4695909637052193,-0.0019225775125365737,0.18989224457978376,-2.5319196332355315e-16,0.02600353728772404,-0.4469485332118042,-0.6502501651852282,-0.026003537287724292,1.7628,1.5952581035482218,0.24470445707239685,1.6358299314402136,0.16754189645177808,-2.5444597392470573e-16,-0.1159954326638336,3.055137754580148,2.8973,0.11599543266383334,-0.0698,-0.08547046323876831,0.2883994213212659,-0.0698,0.015670463238768306,-3.012430107938394e-16,-0.08145558569167988,-1.0549525360296794,-0.30407646707643865,0.08145558569167957,-0.0175,0.19730555799820232,-0.13745519055422206,-0.0175,-0.21480555799820233,-2.1004520461535527e-17,-0.018239860587924216,0.46542123943936675,0.4456848592241518,0.018239860587924196,0.0,1.1401173885470593e-06,-5.7892762885696415e-05,3.860466616402344e-05,-1.1401173885470593e-06
161,1.7200000000000013,0.07996418425466233,0.13674563305269977,0.606162804632166,-0.008319554143689043,0.18732726606352357,0.4695909637052193,-0.001922577512536574,0.18989224457978376,-2.5319196332355315e-16,0.027308249338815618,0.4815835698384131,0.23892023491000988,-0.02730824933881587,1.7628,1.5925617846572626,-0.3205331922202631,1.0956307145418278,0.1702382153427373,-2.5444597392470573e-16,-0.12237193035440617,-3.0341381547842587,-2.1271742932694813,0.12237193035440593,-0.0698,-0.09357717019629713,-0.8249906961790987,-0.16303571541111944,0.02377717019629713,-3.012430107938394e-16,-0.0794550972227037,0.980663545155851,1.706597221563116,0.0794550972227034,-0.0175,0.1971967851667127,0.08213011733488673,-0.0175,-0.2146967851667127,-2.1004520461535527e-17,-0.018532415949471335,-0.3289040471022516,-0.3195023547359732,0.018532415949471314,0.0,2.1881221941558305e-06,-9.554366717748972e-06,4.877182377731994e-05,-2.1881221941558305e-06
162,1.7300000000000013,0.08204775646166723,0.13631751184913268,0.6056951984465112,-0.008267944721918502,0.1856687818767591,0.4695909637052193,-0.001922577512536574,0.18989224457978376,-2.5319196332355315e-16,0.02626375075108674,-0.4542453209620948,-0.7000495645489401,-0.026263750751086994,1.7628,1.5966682608513643,0.5978833316827058,1.6824389149621615,0.16613173914863566,-2.5444597392470573e-16,-0.11577704527222159,3.0520886810162455,2.8973,0.11577704527222134,-0.0698,-0.0904360745197678,0.33840301981840065,-0.0698,0.020636074519767802,-3.012430107938394e-16,-0.08219248007452061,-1.0525971813405972,-0.34502276737422377,0.0821924800745203,-0.0175,0.19696791987465068,-0.07267375900421394,-0.0175,-0.2144679198746507,-2.1004520461535527e-17,-0.017328761571026283,0.36473412073015693,0.47716337469802206,0.017328761571026263,0.0,8.655846374387769e-07,-4.660564300636212e-05,0.0,-8.655846374387769e-07
163,1.7400000000000013,0.08034982959956831,0.1359360743714114,0.6051973008257596,-0.008405193819382378,0.18299925291589264,0.4695909637052193,-0.001922577512536574,0.18989224457978376,-2.5319196332355315e-16,0.027608726567429378,0.49196189514265637,0.24413531495339885,-0.02760872656742963,1.7628,1.597195518678347,-0.008370842751460262,0.7311705815063795,0.16560448132165284,-2.5444597392470573e-16,-0.12224233882605444,-3.045875441177274,-2.125872318838475,0.12224233882605419,-0.0698,-0.09880719396608881,-0.8767238943043334,-0.17331442366025823,0.029007193966088807,-3.012430107938394e-16,-0.08009502286255603,0.9944429692376332,1.7101370219367595,0.08009502286255572,-0.0175,0.1974234170997921,0.13566443245285764,-0.0175,-0.21492341709979212,-2.1004520461535527e-17,-0.01857938376185719,-0.4232912253949387,-0.22610402816194683,0.01857938376185717,0.0,2.2666775871775914e-06,-3.480407897956456e-05,3.968096590685191e-05,-2.2666775871775914e-06
164,1.7500000000000013,0.08225785388537721,0.13561782320494656,0.6047782926962838,-0.008381449546106801,0.18123990251744052,0.4695909637052193,-0.0019225775125365743,0.18989224457978376,-2.5319196332355315e-16,0.026671993861444712,-0.45754568146483643,-0.7128317076820934,-0.026671993861444965,1.7628,1.60019014013012,0.3097357887806901,1.333206693324683,0.16260985986987997,-2.5444597392470573e-16,-0.11562812664881301,3.067337257392248,2.8973,0.11562812664881277,-0.0698,-0.09820248838782139,0.20924851753510473,-0.0698,0.02840248838782139,-3.012430107938394e-16,-0.08296454551789015,-1.0936944206051493,-0.3536827863371874,0.08296454551788984,-0.0175,0.1976334732732919,-0.03376433728190279,-0.0175,-0.2151334732732919,-2.1004520461535527e-17,-0.018006668849895664,0.32047324213292144,0.571926295489796,0.018006668849895643,0.0,3.100820996822785e-06,0.00016016128081801278,1.667065828214383e-05,-3.100820996822785e-06
165,1.7600000000000013,0.08117753215375417,0.13553157012337463,0.6046303760055864,-0.008492575042407956,0.18040547705147633,0.4695909637052193,-0.0019225775125365754,0.18989224457978376,-2.5319196332355315e-16,0.027549415790781476,0.4435193644378484,0.2441697305732767,-0.02754941579078173,1.7628,1.60246646820061,0.17906463622488128,0.9911430901783497,0.16033353179938992,-2.5444597392470573e-16,-0.12180567239802326,-3.0182179365621957,-2.142312244201746,0.12180567239802301,-0.0698,-0.09651973310037709,0.15935693725660408,-0.0698,0.02671973310037709,-3.012430107938394e-16,-0.08160302177990746,0.9228912057986841,1.757410784748268,0.08160302177990715,-0.0175,0.19833377487701934,0.15449960198651416,-0.0175,-0.21583377487701932,-2.1004520461535527e-17,-0.019670084833868142,-0.4659304316021797,-0.1764198913337563,0.01967008483386812,0.0,3.6887761543544132e-06,2.2006775380870075e-05,0.0,-3.6887761543544132e-06
166,1.7700000000000014,0.0816898654194401,0.1353462561328919,0.6044341415993818,-0.008448916106386428,0.1802313269653931,0.4695909637052193,-0.0019225775125365765,0.18989224457978376,-2.5319196332355315e-16,0.026555082871121814,-0.45206417731421333,-0.6639146907641023,-0.026555082871122068,1.7628,1.6036346043319563,0.06472073957262216,1.103603618170238,0.15916539566804366,-2.5444597392470573e-16,-0.11507009686271227,3.0720753568668924,2.8973,0.11507009686271202,-0.0698,-0.0947058045077417,0.17611475015354092,-0.0698,0.0249058045077417,-3.012430107938394e-16,-0.08474303498466025,-1.1127968642599824,-0.2700670315594269,0.08474303498465995,-0.0175,0.19724508242647898,-0.14053446930914945,-0.0175,-0.214745082426479,-2.1004520461535527e-17,-0.017899992342285183,0.4335621842912071,0.6232911102731247,0.017899992342285162,0.0,4.733959998765774e-06,4.650795437974237e-05,0.0,-4.733959998765774e-06
167,1.7800000000000014,0.08038615295288029,0.1354353081004884,0.6045624766323651,-0.008552906269978799,0.18086716181009269,0.4695909637052193,-0.0019225775125365776,0.18989224457978376,-2.5319196332355315e-16,0.027433066753773685,0.4402696300314966,0.2396235143452368,-0.027433066753773938,1.7628,1.603453932372927,-0.06642894813677466,1.2086024257717272,0.15934606762707282,-2.5444597392470573e-16,-0.12116080980728838,-3.007349629849851,-2.151514581965196,0.12116080980728813,-0.0698,-0.09335572635818423,0.1272561687353976,-0.0698,0.02355572635818423,-3.012430107938394e-16,-0.08358909384590364,0.9010059125968504,1.7907411441372618,0.08358909384590334,-0.0175,0.19713871797114552,0.08537170542333129,-0.0175,-0.21463871797114553,-2.1004520461535527e-17,-0.018406018312705424,-0.3471674029619989,-0.2903622455529258,0.018406018312705403,0.0,4.300532027946967e-06,-5.4435302743635e-05,0.0,-4.300532027946967e-06
168,1.7900000000000014,0.08101672515101267,0.1356232077725335,0.6048222050120592,-0.0085428653118415,0.18199682498501807,0.4695909637052193,-0.0019225775125365778,0.18989224457978376,-2.5319196332355315e-16,0.026474015720461853,-0.44566519016095424,-0.659734164061688,-0.026474015720462107,1.7628,1.6021596588889102,-0.1802332367183306,1.3411974891533571,0.1606403411110897,-2.5444597392470573e-16,-0.11444115475171503,3.0678287673482028,2.8973,0.11444115475171478,-0.0698,-0.09184536832859035,0.14707715289431658,-0.0698,0.022045368328590345,-3.012430107938394e-16,-0.08699990815511675,-1.1370555535036924,-0.23229316182962367,0.08699990815511645,-0.0175,0.1970930121089989,-0.04739133800742587,-0.0175,-0.2145930121089989,-2.1004520461535527e-17,-0.017333234446642767,0.3564100991801087,0.4944155494636421,0.017333234446642747,0.0,4.723670355143078e-06,3.743189604489301e-05,2.0031046520059267e-05,-4.723670355143078e-06
169,1.8000000000000014,0.08031646978662127,0.13607177541638033,0.6053660115628638,-0.008671790045455239,0.18396665816106764,0.4695909637052193,-0.0019225775125365778,0.18989224457978376,-2.5319196332355315e-16,0.027368777060725186,0.4391770616422301,0.23387306439725739,-0.02736877706072544,1.7628,1.599539616907798,-0.3096669677906542,1.4653559656070483,0.16326038309220192,-2.5444597392470573e-16,-0.12054788326699854,-3.0076239904463185,-2.1522995293344844,0.12054788326699829,-0.0698,-0.0907684544885243,0.10101296457515857,-0.0698,0.020968454488524302,-3.012430107938394e-16,-0.08610076896336416,0.8747416756070265,1.8330548187446238,0.08610076896336386,-0.0175,0.19768666018163134,0.14469381373656767,-0.0175,-0.21518666018163135,-2.1004520461535527e-17,-0.018644662240146277,-0.430892200172879,-0.2177442236069667,0.018644662240146256,0.0,4.15576827923542e-06,-6.889590722685138e-05,0.0,-4.15576827923542e-06
170,1.8100000000000014,0.08151021813273382,0.13618109503735196,0.6055027330002345,-0.008664790032141297,0.1846173812629444,0.4695909637052193,-0.0019225775125365787,0.18989224457978376,-2.5319196332355315e-16,0.026366513816106035,-0.4443316409084762,-0.6581272781280336,-0.026366513816106288,1.7628,1.5996583556949466,0.11833677206002596,1.6157500325282697,0.1631416443050533,-2.5444597392470573e-16,-0.11389460811121398,3.054974042204803,2.8973,0.11389460811121373,-0.0698,-0.08791817325999393,0.2434436629640881,-0.0698,0.01811817325999393,-3.012430107938394e-16,-0.08951722531430843,-1.1190317231309526,-0.1859355239001157,0.08951722531430813,-0.0175,0.19779900351436336,-0.05049053975259002,-0.0175,-0.21529900351436337,-2.1004520461535527e-17,-0.018134612644819956,0.3152441905560422,0.580049498094049,0.018134612644819935,0.0,3.864562442998586e-06,0.00040211950453710154,3.564976099296802e-05,-3.864562442998586e-06
171,1.8200000000000014,0.0805594556910377,0.13634338854339667,0.6056669873312442,-0.008809163143166314,0.18485137838664426,0.4695909637052193,-0.0019225775125365798,0.18989224457978376,-2.5319196332355315e-16,0.027454281766586326,0.4523909840704341,0.2333995303796259,-0.02745428176658658,1.7628,1.5980211198812222,-0.16448018215193053,1.1867963823804004,0.16477888011877773,-2.5444597392470573e-16,-0.1201844783640404,-3.0226968903250233,-2.143817177315093,0.12018447836404016,-0.0698,-0.09078566524036884,-0.177861107428821,-0.09849827688413665,0.020985665240368837,-3.012430107938394e-16,-0.08830114155368726,0.9010492222267352,1.8351695256454175,0.08830114155368696,-0.0175,0.19838618508688233,0.14449997773682527,-0.0175,-0.21588618508688234,-2.1004520461535527e-17,-0.019824904477536976,-0.46608883848834315,-0.1701672893974827,0.019824904477536955,0.0,4.402826399228048e-06,5.501922299015695e-05,0.0,-4.402826399228048e-06
172,1.8300000000000014,0.08217749242928485,0.136403892942428,0.6057645372484828,-0.00878362418972641,0.1859291754660545,0.4695909637052193,-0.00192257751253658,0.18989224457978376,-2.5319196332355315e-16,0.026495633655647857,-0.4405640652893905,-0.6720252382031268,-0.02649563365564811,1.7628,1.5970975513144314,-0.16263667959057004,1.4827112231021524,0.1657024486855685,-2.5444597392470573e-16,-0.11350219583599551,3.061926148201744,2.8973,0.11350219583599526,-0.0698,-0.08907278825947866,0.11961445019781981,-0.0698,0.01927278825947866,-3.012430107938394e-16,-0.09168977534080125,-1.1306166480676079,-0.19464008979723957,0.09168977534080094,-0.0175,0.19719451474126326,-0.1480104710837267,-0.0175,-0.21469451474126328,-2.1004520461535527e-17,-0.01805292095937202,0.4326026420284526,0.6246880743086388,0.018052920959372,0.0,5.1041018064108135e-06,-9.515607551959215e-05,0.0,-5.1041018064108135e-06
173,1.8400000000000014,0.08117692269749166,0.13678663927068,0.6061833101636422,-0.008901893436319773,0.18779350181676788,0.4695909637052193,-0.00192257751253658,0.18989224457978376,-2.5319196332355315e-16,0.027398451195156902,0.4374011944099826,0.22859899604420564,-0.027398451195157155,1.7628,1.5946511369489047,-0.2921423530791436,1.488256269075118,0.16814886305109522,-2.5444597392470573e-16,-0.1196495872514243,-3.010483292724087,-2.153908581513782,0.11964958725142405,-0.0698,-0.08826242728135632,0.0753714618072426,-0.0698,0.018462427281356317,-3.012430107938394e-16,-0.09075449860334409,0.876665112292893,1.8641348507940154,0.09075449860334378,-0.0175,0.19704829923172998,0.0825805367402076,-0.0175,-0.21454829923172997,-2.1004520461535527e-17,-0.01855073511632388,-0.34524637815605796,-0.2881792743534766,0.01855073511632386,0.0,3.709482691188894e-06,-0.00011795605186563874,5.432326106830564e-05,-3.709482691188894e-06
174,1.8500000000000014,0.0821895714016402,0.13680537063733603,0.6062097588286652,-0.008851575062643311,0.1881592566434719,0.4695909637052193,-0.001922577512536581,0.18989224457978376,-2.5319196332355315e-16,0.026386654198410315,-0.4542848712000115,-0.6565888039712399,-0.026386654198410568,1.7628,1.5952603870627025,0.2413523240485836,1.6373332574879054,0.16753961293729747,-2.5444597392470573e-16,-0.11319661704920946,2.9747787306043345,2.8973,0.1131966170492092,-0.0698,-0.08543512461095502,0.28620022575552806,-0.0698,0.015635124610955023,-3.012430107938394e-16,-0.09341069616997977,-0.7489902575040964,-0.15062912346614277,0.09341069616997946,-0.0175,0.1968518303738981,-0.06982174096807688,-0.0175,-0.2143518303738981,-2.1004520461535527e-17,-0.017480852382638294,0.36054342936598266,0.49365225908664884,0.017480852382638273,0.0,1.554527020401606e-06,2.382862683765309e-05,8.82801903361276e-05,-1.554527020401606e-06
175,1.8600000000000014,0.08100036778117606,0.1368162367444825,0.6062122534987519,-0.008815234389189668,0.18748452921981867,0.4695909637052193,-0.001922577512536582,0.18989224457978376,-2.5319196332355315e-16,0.027601877463966577,0.47252799961861336,0.24319163761272694,-0.02760187746396683,1.7628,1.5925978749878515,-0.3146783216169081,1.0989645794497962,0.17020212501214838,-2.5444597392470573e-16,-0.12032085047726246,-3.104790342094868,-2.069205794210661,0.12032085047726221,-0.0698,-0.09341400213955542,-0.8070502106486397,-0.16111922886788788,0.023614002139555418,-3.012430107938394e-16,-0.08849507923790274,1.263698852431341,1.4962758268639322,0.08849507923790244,-0.0175,0.19733565988980567,0.13808040822367373,-0.0175,-0.21483565988980569,-2.1004520461535527e-17,-0.018748015104727067,-0.42402851885271714,-0.22069661030487647,0.018748015104727046,0.0,2.397524912898457e-06,-2.302534482386433e-05,0.0,-2.397524912898457e-06
176,1.8700000000000014,0.08297750085628511,0.1364025170907889,0.6057666035041316,-0.008614677421245751,0.1857621606978621,0.4695909637052193,-0.001922577512536583,0.18989224457978376,-2.5319196332355315e-16,0.026483575050960616,-0.46121997084327243,-0.693343019330348,-0.02648357505096087,1.7628,1.5967032051245638,0.5954773804326088,1.676295321714095,0.16609679487543616,-2.5444597392470573e-16,-0.11437319414011463,2.990627796582263,2.8973,0.11437319414011438,-0.0698,-0.09023803953358359,0.3364976164743574,-0.0698,0.020438039533583585,-3.012430107938394e-16,-0.08851633105200406,-0.7893158683996688,-0.5557382185281216,0.08851633105200375,-0.0175,0.19740976526891063,-0.055576239663041864,-0.0175,-0.21490976526891065,-2.1004520461535527e-17,-0.018205284275770887,0.3152498110965276,0.5740126396905335,0.018205284275770867,0.0,1.100160015768735e-06,-5.441162143208206e-05,3.845145520676677e-06,-1.100160015768735e-06
177,1.8800000000000014,0.0811280105445995,0.13602335483094438,0.6052772679162806,-0.008609600704440539,0.18304654302046344,0.4695909637052193,-0.001922577512536584,0.18989224457978376,-2.5319196332355315e-16,0.02775157519793969,0.4842631694549898,0.24935137043558547,-0.027751575197939943,1.7628,1.5972186127084762,-0.009049030992724031,0.7332969785708805,0.16558138729152372,-2.5444597392470573e-16,-0.12140681120536026,-3.0994254508350902,-2.075642243461348,0.12140681120536001,-0.0698,-0.09860522099196631,-0.8754651446860615,-0.1729933002056887,0.028805220991966307,-3.012430107938394e-16,-0.08390853595011925,1.2379611290411723,1.4974465168156987,0.08390853595011895,-0.0175,0.19801803559020661,0.15040267720761105,-0.0175,-0.2155180355902066,-2.1004520461535527e-17,-0.01992426980589112,-0.4692166488316373,-0.16960753689036068,0.0199242698058911,0.0,2.398827553192658e-06,-4.269409735912912e-05,4.561034130593218e-05,-2.398827553192658e-06
178,1.8900000000000015,0.08286227935756998,0.1356530590015708,0.6048139168111288,-0.008440141929758983,0.18128836615967625,0.4695909637052193,-0.0019225775125365852,0.18989224457978376,-2.5319196332355315e-16,0.026739753984009546,-0.4653655461683337,-0.7062757710385094,-0.0267397539840098,1.7628,1.6002055295952788,0.3090747220486696,1.3337001293249138,0.16259447040472108,-2.5444597392470573e-16,-0.11526082246187508,3.025999343187114,2.8973,0.11526082246187483,-0.0698,-0.09800390199758954,0.20729356000603394,-0.0698,0.028203901997589542,-3.012430107938394e-16,-0.08441401450833308,-0.8605308011391746,-0.5666928414402207,0.08441401450833277,-0.0175,0.19784862458250843,-0.1296802034567663,-0.0175,-0.21534862458250842,-2.1004520461535527e-17,-0.019148065699958427,0.41734815856700547,0.6286108072787661,0.019148065699958406,0.0,2.9788665115441887e-06,8.254826203128064e-05,2.3503476933587857e-05,-2.9788665115441887e-06
179,1.9000000000000015,0.08146407906318831,0.1354768798332911,0.6045856650038515,-0.008404062349287849,0.1804898010161116,0.4695909637052193,-0.0019225775125365863,0.18989224457978376,-2.5319196332355315e-16,0.02753837282173131,0.43558228408157584,0.25144751429625534,-0.027538372821731563,1.7628,1.6024729009336636,0.17798442671597015,0.991681041189099,0.16032709906633635,-2.5444597392470573e-16,-0.12181577767292144,-3.0536799582318817,-2.103912763492115,0.12181577767292119,-0.0698,-0.09634013929843191,0.1575768880689487,-0.0698,0.02654013929843191,-3.012430107938394e-16,-0.08083015447289148,1.137945216015277,1.5358429172058368,0.08083015447289117,-0.0175,0.1977991388953316,0.0889585178702132,-0.0175,-0.2152991388953316,-2.1004520461535527e-17,-0.01983687471670003,-0.36696134311032325,-0.26416363296733825,0.01983687471670001,0.0,2.89286738316366e-06,-2.9044432127629962e-05,0.0,-2.89286738316366e-06
180,1.9100000000000015,0.08152380622646586,0.1353878552025634,0.6044827126374815,-0.00825906364743572,0.1802001679288264,0.4695909637052193,-0.0019225775125365874,0.18989224457978376,-2.5319196332355315e-16,0.026486596537699577,-0.4575929399644777,-0.6558892666554283,-0.02648659653769983,1.7628,1.6036075414165114,0.06175609389636853,1.1046323658147208,0.15919245858348852,-2.5444597392470573e-16,-0.11547992068474307,3.0340996534546014,2.8973,0.11547992068474282,-0.0698,-0.0945438577146887,0.1744788032549554,-0.0698,0.024743857714688705,-3.012430107938394e-16,-0.08200900325033592,-0.9229155179473896,-0.4913039802321476,0.08200900325033561,-0.0175,0.19771685228093086,-0.05466022426428613,-0.0175,-0.21521685228093085,-2.1004520461535527e-17,-0.018862740872314217,0.3519214389249717,0.5256563408439233,0.018862740872314196,0.0,3.54523680501798e-06,6.822068471787948e-05,5.901493062320681e-06,-3.54523680501798e-06
181,1.9200000000000015,0.0802493718951257,0.13553390902712775,0.6046677787525728,-0.00826441237547894,0.18075574287464766,0.4695909637052193,-0.0019225775125365884,0.18989224457978376,-2.5319196332355315e-16,0.027307279748507572,0.43444885710498593,0.24570016766287905,-0.027307279748507825,1.7628,1.6033983280752249,-0.06933914086100088,1.2117835747715395,0.15940167192477506,-2.5444597392470573e-16,-0.12191842617519742,-3.0401321917010424,-2.1102602879766588,0.12191842617519717,-0.0698,-0.09320913050215412,0.12580560564901444,-0.0698,0.023409130502154124,-3.012430107938394e-16,-0.07904787647817538,1.0757283267763373,1.5789875439500745,0.07904787647817507,-0.0175,0.19823882460831024,0.13791704426020107,-0.0175,-0.21573882460831023,-2.1004520461535527e-17,-0.020223844769667782,-0.43605122195518636,-0.20101951194645812,0.02022384476966776,0.0,3.187784252464214e-06,-5.181998410934428e-05,0.0,-3.187784252464214e-06
182,1.9300000000000015,0.08088128024887997,0.13566966206023123,0.6048822894805378,-0.008141050915197616,0.1819019403281056,0.4695909637052193,-0.0019225775125365895,0.18989224457978376,-2.5319196332355315e-16,0.02628482227533863,-0.45181634906180657,-0.6529070950930486,-0.026284822275338883,1.7628,1.6020917315937244,-0.18103958857668528,1.3445525162592014,0.1607082684062755,-2.5444597392470573e-16,-0.1154636597733659,3.0432673366519016,2.8973,0.11546365977336565,-0.0698,-0.09171229194185558,0.14570446810595425,-0.0698,0.02191229194185558,-3.012430107938394e-16,-0.08074753045052836,-0.9709833404238997,-0.44334531495093676,0.08074753045052806,-0.0175,0.1977763240906832,-0.09886055218990224,-0.0175,-0.2152763240906832,-2.1004520461535527e-17,-0.018994237791456575,0.3912719785884529,0.5978419801125284,0.018994237791456554,0.0,3.7484672744006316e-06,3.7530873229451274e-05,2.6317710089630568e-05,-3.7484672744006316e-06
183,1.9400000000000015,0.07992386039959723,0.136065967972656,0.6053809357609292,-0.008164867725638106,0.18388683515653975,0.4695909637052193,-0.0019225775125365906,0.18989224457978376,-2.5319196332355315e-16,0.027118357695871627,0.43306248569388495,0.2415377708590955,-0.02711835769587188,1.7628,1.5994575849288877,-0.31154960894633627,1.4667057358268893,0.16334241507111225,-2.5444597392470573e-16,-0.1217951073773921,-3.028815033891048,-2.1195580584649765,0.12179510737739185,-0.0698,-0.09064790140584264,0.09984510546340782,-0.0698,0.02084790140584264,-3.012430107938394e-16,-0.07827258457471464,1.0267193493973543,1.6169635840281242,0.07827258457471434,-0.0175,0.19795460302710424,0.10798069177191683,-0.0175,-0.21545460302710423,-2.1004520461535527e-17,-0.019943485816009052,-0.39344349059088035,-0.2393180762568005,0.01994348581600903,0.0,3.226978996022386e-06,-6.158184649589614e-05,0.0,-3.226978996022386e-06
184,1.9500000000000015,0.08084721024338028,0.13614149513407975,0.6054880173392289,-0.008060628639110636,0.18452364706224222,0.4695909637052193,-0.0019225775125365917,0.18989224457978376,-2.5319196332355315e-16,0.02605650930389881,-0.45021257516548535,-0.65000934726086,-0.026056509303899064,1.7628,1.5996040810292118,0.1300531714324416,1.6182889295152343,0.1631959189707881,-2.5444597392470573e-16,-0.11533407375877185,3.0370185917483834,2.8973,0.1153340737587716,-0.0698,-0.08778004944273504,0.2496506292692641,-0.0698,0.01798004944273504,-3.012430107938394e-16,-0.08023281735754359,-0.9772516969421151,-0.4005386727996396,0.08023281735754328,-0.0175,0.19784621927731894,-0.06467163099059521,-0.0175,-0.21534621927731895,-2.1004520461535527e-17,-0.01916535428114232,0.3358424776681542,0.5529913771189526,0.0191653542811423,0.0,3.190992381360204e-06,0.0004507377054530114,3.576601452771705e-05,-3.190992381360204e-06
185,1.9600000000000015,0.07966426667307247,0.13627700490250746,0.6056256832962644,-0.00812243579465478,0.18464449379821862,0.4695909637052193,-0.0019225775125365921,0.18989224457978376,-2.5319196332355315e-16,0.02713983871318023,0.45194724954755794,0.24176050073429284,-0.027139838713180483,1.7628,1.5976377615166846,-0.19022841420142275,1.1755141803338633,0.16516223848331535,-2.5444597392470573e-16,-0.12180588655381326,-3.0401535255577246,-2.1143460016782107,0.12180588655381301,-0.0698,-0.09166332071251493,-0.26067863495146254,-0.10581023372738377,0.021863320712514928,-3.012430107938394e-16,-0.07763350821759257,1.0336403138916836,1.6191142358024613,0.07763350821759227,-0.0175,0.19832676790373635,0.13553997504742038,-0.0175,-0.21582676790373634,-2.1004520461535527e-17,-0.020659130267007424,-0.44610454792539744,-0.18251964341901583,0.020659130267007404,0.0,2.5124908616333107e-06,-6.222491979902386e-05,0.0,-2.5124908616333107e-06
186,1.9700000000000015,0.08126165041775268,0.1363915615665598,0.6057774135802731,-0.00803382068799378,0.1855839219543822,0.4695909637052193,-0.0019225775125365926,0.18989224457978376,-2.5319196332355315e-16,0.02614310069488671,-0.4465058432845321,-0.6690659592530018,-0.026143100694886963,1.7628,1.59673047290309,-0.1501591426315243,1.5115263220679456,0.16606952709690992,-2.5444597392470573e-16,-0.11529987635551217,3.0470097117036428,2.8973,0.11529987635551192,-0.0698,-0.09009681538418053,0.12961167506435925,-0.0698,0.02029681538418053,-3.012430107938394e-16,-0.07984988581502153,-1.0188794115254518,-0.4125722481509455,0.07984988581502123,-0.0175,0.19783788693657844,-0.10092669237143896,-0.0175,-0.21533788693657846,-2.1004520461535527e-17,-0.01950464293325932,0.3849217224771596,0.6113775900614566,0.0195046429332593,0.0,3.6849609261104724e-06,1.2755407494266441e-05,4.212499290595737e-05,-3.6849609261104724e-06
187,1.9800000000000015,0.0803131775221593,0.1367835413800399,0.6062117176527314,-0.008090747085450052,0.18735049962833272,0.4695909637052193,-0.0019225775125365936,0.18989224457978376,-2.5319196332355315e-16,0.0270041666358041,0.4342973416865093,0.23736103772543637,-0.027004166635804353,1.7628,1.5944025043163434,-0.28095432984491814,1.4787153594068037,0.16839749568365647,-2.5444597392470573e-16,-0.12159920953679496,-3.0259051083890673,-2.1246107008595474,0.1215992095367947,-0.0698,-0.0891874876190291,0.08492348527727084,-0.0698,0.0193874876190291,-3.012430107938394e-16,-0.07785377959948579,0.9789637696225746,1.6576784980456216,0.07785377959948549,-0.0175,0.19801002935503184,0.10778030802449769,-0.0175,-0.21551002935503183,-2.1004520461535527e-17,-0.020504356149769705,-0.3977023674172252,-0.22888457901108522,0.020504356149769684,0.0,2.9121280697030836e-06,-7.986802783942234e-05,0.0,-2.9121280697030836e-06
188,1.9900000000000015,0.08128242958845516,0.13680257199650978,0.606239888589275,-0.008017664909366526,0.18768658311053063,0.4695909637052193,-0.0019225775125365947,0.18989224457978376,-2.5319196332355315e-16,0.025969477185724683,-0.4470386699479054,-0.6503306747729442,-0.025969477185724937,1.7628,1.5950612536045192,0.21876420915665332,1.62813429531417,0.1677387463954807,-2.5444597392470573e-16,-0.11511329883113104,3.0389480060668834,2.8973,0.11511329883113079,-0.0698,-0.08632686987960465,0.2669195634051808,-0.0698,0.016526869879604653,-3.012430107938394e-16,-0.0802432750014426,-1.01564344137372,-0.3561335328266907,0.0802432750014423,-0.0175,0.19788276334820284,-0.06851955613964572,-0.0175,-0.21538276334820283,-2.1004520461535527e-17,-0.019761851256784178,0.3325184919214713,0.5617372166153827,0.019761851256784157,0.0,1.8711598696046337e-06,0.0004762171552970594,5.657100328179767e-05,-1.8711598696046337e-06
189,2.0000000000000013,0.08009226913227999,0.13683737971689391,0.6062628516484007,-0.00811393359510449,0.18725963300745865,0.4695909637052193,-0.0019225775125365956,0.18989224457978376,-2.5319196332355315e-16,0.02714094264700382,0.4667653190709252,0.23928285246210593,-0.027140942647004073,1.7628,1.5932958395195946,-0.22674446974176346,1.1231457620071923,0.16950416048040529,-2.5444597392470573e-16,-0.12159685113984318,-3.0438990489117654,-2.118041615417837,0.12159685113984293,-0.0698,-0.09171345690628398,-0.5499614681312177,-0.13470460436834358,0.021913456906283976,-3.012430107938394e-16,-0.07796642020533219,1.0068280418032451,1.6575896413852584,0.07796642020533188,-0.0175,0.19834031762983154,0.1339850450954214,-0.0175,-0.21584031762983152,-2.1004520461535527e-17,-0.021288905993593617,-0.4497110555433614,-0.17442368186719806,0.021288905993593597,0.0,2.92427594786057e-06,-4.022289257245591e-05,0.0,-2.92427594786057e-06
190,2.0100000000000002,0.08190674740978014,0.13679749437508493,0.6062280990924815,-0.008052276437520047,0.18738735105840978,0.4695909637052193,-0.0019225775125365965,0.18989224457978376,-2.5319196332355315e-16,0.026175169748852027,-0.4466746526197299,-0.6838928602469578,-0.02617516974885228,1.7628,1.593603499938769,0.026578818804980572,1.5827777535850058,0.169196500061231,-2.5444597392470573e-16,-0.11508077762206267,3.0492782118558424,2.8973,0.11508077762206242,-0.0698,-0.09040606757826831,0.1621720301464569,-0.0698,0.020606067578268314,-3.012430107938394e-16,-0.08048176092030704,-1.0470602079189684,-0.38309668016059006,0.08048176092030673,-0.0175,0.19792521209671807,-0.09883146696832729,-0.0175,-0.21542521209671806,-2.1004520461535527e-17,-0.020169894360900352,0.3817727909489642,0.6200223034921102,0.02016989436090033,0.0,5.36587426275452e-06,-0.0003888789884041572,1.682868498957135e-05,-5.36587426275452e-06
191,2.019999999999999,0.08089259353282524,0.13698469640107283,0.6064240870223283,-0.008130866881312373,0.1881716183878176,0.4695909637052193,-0.0019225775125365965,0.18989224457978376,-2.5319196332355315e-16,0.02705350629388948,0.43639635967583823,0.23727329462891164,-0.027053506293889733,1.7628,1.5929282562759695,-0.1167126229630271,1.3269931816848675,0.16987174372403047,-2.5444597392470573e-16,-0.12137697975499769,-3.0263264947237976,-2.128631990879343,0.12137697975499744,-0.0698,-0.08944862956018543,0.08749727491150218,-0.0698,0.019648629560185427,-3.012430107938394e-16,-0.07874501292123924,0.9539768545397824,1.6909142952814222,0.07874501292123894,-0.0175,0.19811234504052344,0.10900009475287184,-0.0175,-0.21561234504052346,-2.1004520461535527e-17,-0.021202993068886736,-0.4010012939414024,-0.22041363606176156,0.021202993068886716,0.0,3.390956845264945e-06,-0.00014791306380253422,0.00034595199430212105,-3.390956845264945e-06
192,2.029999999999998,0.08168932516507468,0.13727061320917483,0.606721995851691,-0.008097269285506577,0.18947456674333635,0.4695909637052193,-0.0019225775125365967,0.18989224457978376,-2.5319196332355315e-16,0.026115490553480232,-0.4400293606352932,-0.6528244100269561,-0.026115490553480485,1.7628,1.5911577214105694,-0.226182622972622,1.4756865727552708,0.17164227858943049,-2.5444597392470573e-16,-0.11485469569363264,3.047644808267341,2.8973,0.1148546956936324,-0.0698,-0.08831372657319728,0.11102724067441136,-0.0698,0.018513726573197276,-3.012430107938394e-16,-0.0816035781738841,-1.0806860177624644,-0.32401675116987094,0.08160357817388379,-0.0175,0.1981277988296385,-0.048777923825243735,-0.0175,-0.2156277988296385,-2.1004520461535527e-17,-0.020470472121078106,0.33403325802239403,0.5706252384924961,0.020470472121078085,0.0,4.849589963829359e-06,0.00015654203308429073,0.00012078540904041466,-4.849589963829359e-06
193,2.039999999999997,0.08110411126553811,0.13743429790171668,0.6068826250614472,-0.00817960392236851,0.1900808772686697,0.4695909637052193,-0.0019225775125365978,0.18989224457978376,-2.5319196332355315e-16,0.026941832946346698,0.42912376980875494,0.2311054362074493,-0.02694183294634695,1.7628,1.5912593621733333,0.08109202017647638,1.599320851688066,0.17154063782666662,-2.5444597392470573e-16,-0.12110731027226143,-3.0200025811857203,-2.128807242718282,0.12110731027226118,-0.0698,-0.08628730485186652,0.16490828771915184,-0.0698,0.016487304851866516,-3.012430107938394e-16,-0.08001196713071951,0.9521815186223712,1.7335146431535349,0.0800119671307192,-0.0175,0.19851651029319975,0.11336447351961575,-0.0175,-0.21601651029319974,-2.1004520461535527e-17,-0.021670630039242845,-0.40133334548717203,-0.17026948105376935,0.021670630039242824,0.0,6.3874785593973636e-06,0.0001692933460860279,0.0,-6.3874785593973636e-06
194,2.049999999999996,0.0817228226048578,0.13742084851579076,0.6068703954260275,-0.008132633429547724,0.19042369421941482,0.4695909637052193,-0.0019225775125365988,0.18989224457978376,-2.5319196332355315e-16,0.026018204239913526,-0.4350203837873309,-0.6446584333795305,-0.02601820423991378,1.7628,1.5910684431858444,-0.07114836790611428,1.2912330824368565,0.17173155681415553,-2.5444597392470573e-16,-0.11454677703857125,3.047828052367821,2.8973,0.114546777038571,-0.0698,-0.08538550627497887,0.08099654669271651,-0.0698,0.015585506274978872,-3.012430107938394e-16,-0.08278148101362984,-1.0707400755649132,-0.3120857815766176,0.08278148101362953,-0.0175,0.19783812957946856,-0.09557650174185724,-0.0175,-0.21533812957946857,-2.1004520461535527e-17,-0.020178814488812098,0.3918935660384335,0.5746983858011147,0.020178814488812077,0.0,6.870650525941786e-06,-3.716448743008835e-05,0.0,-6.870650525941786e-06
195,2.0599999999999947,0.08077341751250691,0.1377227136150413,0.6071587824287596,-0.008228835600783541,0.19158700298800668,0.4695909637052193,-0.0019225775125366,0.18989224457978376,-2.5319196332355315e-16,0.026918438692749326,0.43375691553625756,0.22687474986802064,-0.02691843869274958,1.7628,1.5895350994743582,-0.20116769993117203,1.4450008224193585,0.1732649005256417,-2.5444597392470573e-16,-0.1208078762474194,-3.0200791436560745,-2.1314538360592534,0.12080787624741915,-0.0698,-0.08493089339541925,0.04129039040827289,-0.0698,0.015130893395419245,-3.012430107938394e-16,-0.08132688205537261,0.9237043883643333,1.7329919236739495,0.08132688205537231,-0.0175,0.19804091761074147,0.10920023881612592,-0.0175,-0.21554091761074146,-2.1004520461535527e-17,-0.02112925951500703,-0.3935936003378844,-0.23046305012793689,0.02112925951500701,0.0,5.958513055008328e-06,-8.586464110778955e-05,0.0,-5.958513055008328e-06
196,2.0699999999999936,0.08176564081942568,0.13783834073091833,0.6072676672598414,-0.008205602458710149,0.1921410378809151,0.4695909637052193,-0.001922577512536601,0.18989224457978376,-2.5319196332355315e-16,0.02598047869475249,-0.43421565036705667,-0.6491044250782542,-0.025980478694752743,1.7628,1.5892532426739248,0.01869391992089808,1.5872869041363056,0.17354675732607516,-2.5444597392470573e-16,-0.11429360215939635,3.0410736679080403,2.8973,0.1142936021593961,-0.0698,-0.08327958498629784,0.14594471579793988,-0.0698,0.013479584986297838,-3.012430107938394e-16,-0.0842999359106556,-1.079148024825124,-0.27308933192135487,0.0842999359106553,-0.0175,0.1980581650649772,-0.05344201311054508,-0.0175,-0.21555816506497721,-2.1004520461535527e-17,-0.020367007321795368,0.3338816223013581,0.5626276764579404,0.020367007321795347,0.0,7.965559303615158e-06,-3.513000175676808e-05,3.819653666772293e-05,-7.965559303615158e-06
197,2.0799999999999925,0.08094168712790667,0.13808761290827223,0.6074979681389663,-0.008316370547840846,0.19288663557579935,0.4695909637052193,-0.001922577512536602,0.18989224457978376,-2.5319196332355315e-16,0.026895344560631626,0.4334362272306743,0.22637182080903473,-0.02689534456063188,1.7628,1.5882925532597545,-0.14624816036441912,1.3696801386877033,0.17450744674024543,-2.5444597392470573e-16,-0.12061296791281706,-3.0244430882530398,-2.1267248506328715,0.12061296791281681,-0.0698,-0.08297085179619032,0.021272142031577367,-0.0698,0.01317085179619032,-3.012430107938394e-16,-0.08291375652703575,0.9162152079473891,1.7535475121103663,0.08291375652703545,-0.0175,0.19859006949778552,0.13821239809185726,-0.0175,-0.21609006949778553,-2.1004520461535527e-17,-0.02188608232875302,-0.45023359862265355,-0.17094556372699532,0.021886082328752998,0.0,6.330108303617534e-06,-0.00018714201436364634,0.0,-6.330108303617534e-06
198,2.0899999999999914,0.08201035618397026,0.1382903118836029,0.6076649514248814,-0.008285077106109602,0.1942857483042099,0.4695909637052193,-0.0019225775125366023,0.18989224457978376,-2.5319196332355315e-16,0.0260116520985685,-0.42860043403382075,-0.6485989837157293,-0.026011652098568754,1.7628,1.5862728131355952,-0.2498750881943773,1.5423077342863825,0.17652718686440472,-2.5444597392470573e-16,-0.11407905456741853,3.04359849058018,2.8973,0.11407905456741828,-0.0698,-0.0824597339547158,0.05110512992739142,-0.0698,0.012659733954715799,-3.012430107938394e-16,-0.08597908571857514,-1.096774883292786,-0.2529051557311055,0.08597908571857484,-0.0175,0.1973630751358951,-0.149794522860124,-0.0175,-0.2148630751358951,-2.1004520461535527e-17,-0.020003255196698252,0.4401155239999967,0.6253222572526775,0.02000325519669823,0.0,5.997012966862179e-06,-5.168653503284163e-05,0.00013650114793470607,-5.997012966862179e-06
199,2.0999999999999903,0.08126613006865532,0.13827582267044397,0.6076391103870686,-0.008364421181042424,0.19451987713274346,0.4695909637052193,-0.0019225775125366023,0.18989224457978376,-2.5319196332355315e-16,0.026833646355270895,0.42076856481085356,0.22050721724527073,-0.02683364635527115,1.7628,1.587099942326718,0.2647713336331876,1.662092583109615,0.1757000576732819,-2.5444597392470573e-16,-0.12029849836560404,-3.0115903857871524,-2.1309660540408335,0.12029849836560379,-0.0698,-0.08047458671382833,0.2023233337256094,-0.0698,0.01067458671382833,-3.012430107938394e-16,-0.0845651807907265,0.937697334909914,1.7846075690413845,0.0845651807907262,-0.0175,0.1969616171992278,0.037885414351020205,-0.0175,-0.2144616171992278,-2.1004520461535527e-17,-0.02008648877486889,-0.27790779452352954,-0.28008948242641085,0.02008648877486887,0.0,2.6355594418680973e-06,-0.00016339800976552382,3.7104312979442008e-06,-2.6355594418680973e-06
200,2.109999999999989,0.08157783892903124,0.13808175165004877,0.6074734818931441,-0.00836126516276631,0.19356982778687887,0.4695909637052193,-0.0019225775125366023,0.18989224457978376,-2.5319196332355315e-16,0.026175224776814606,-0.407898794853176,-0.6354377356530228,-0.02617522477681486,1.7628,1.5865146716066518,-0.10177190700808401,1.1408291277530676,0.1762853283933481,-2.5444597392470573e-16,-0.11383992510892729,3.0368241134185157,2.8973,0.11383992510892704,-0.0698,-0.08465468015494845,-0.4054164403669376,-0.11692664001498276,0.014854680154948452,-3.012430107938394e-16,-0.08728468557019488,-1.0645865212357881,-0.26117588858410445,0.08728468557019457,-0.0175,0.19687820058661487,-0.033116417470489865,-0.0175,-0.2143782005866149,-2.1004520461535527e-17,-0.01857183070515045,0.38938809960465337,0.4385997047224805,0.01857183070515043,0.0,4.9446160182295836e-06,9.956128098174502e-05,0.00014231353423057905,-4.9446160182295836e-06
201,2.119999999999988,0.08142435248900207,0.13818720136177026,0.6075708950978576,-0.008478321439440757,0.19366893289709852,0.4695909637052193,-0.0019225775125366032,0.18989224457978376,-2.5319196332355315e-16,0.027101814580457566,0.43499699657709107,0.1984969966386571,-0.02710181458045782,1.7628,1.5865535986053023,-0.036005513833580846,1.5120545341548688,0.1762464013946976,-2.5444597392470573e-16,-0.12013408024187897,-3.023212670137148,-2.1261047125470993,0.12013408024187872,-0.0698,-0.08444691879679497,0.03580414796060043,-0.0698,0.014646918796794972,-3.012430107938394e-16,-0.08595005071297397,0.9110054854721313,1.7628640057973448,0.08595005071297367,-0.0175,0.19753908537491016,0.14686102619261943,-0.0175,-0.21503908537491018,-2.1004520461535527e-17,-0.01960560116507756,-0.40612150454414636,-0.24081345396344994,0.01960560116507754,0.0,4.080921479709838e-06,-5.602477381442339e-05,0.0,-4.080921479709838e-06
202,2.129999999999987,0.08234100414853376,0.13837968789734223,0.6077443423096541,-0.008481907778873712,0.19431459567424123,0.4695909637052193,-0.001922577512536604,0.18989224457978376,-2.5319196332355315e-16,0.026224097204240605,-0.42965652819853445,-0.6518115132207536,-0.02622409720424086,1.7628,1.5856082357608587,-0.14269875371027418,1.4459767249911617,0.17719176423914118,-2.5444597392470573e-16,-0.11362610854289258,3.043285421245364,2.8973,0.11362610854289233,-0.0698,-0.0837948466604447,0.06472378476599332,-0.0698,0.013994846660444704,-3.012430107938394e-16,-0.08915221225602732,-1.109793165987913,-0.223405079768342,0.08915221225602701,-0.0175,0.1978184932861093,-0.02746064328348657,-0.0175,-0.2153184932861093,-2.1004520461535527e-17,-0.018928877671784517,0.3296859049782915,0.5629663138647667,0.018928877671784496,0.0,4.459529663667351e-06,2.8394566115108262e-05,2.3377401976744686e-05,-4.459529663667351e-06
203,2.139999999999986,0.08180510742378794,0.13874107529120638,0.6080608093060557,-0.008608158266849237,0.19541409591953376,0.4695909637052193,-0.001922577512536604,0.18989224457978376,-2.5319196332355315e-16,0.02713168515811839,0.4324183486230678,0.21986375056460758,-0.027131685158118642,1.7628,1.584239542856084,-0.13395555931389816,1.5602328676234036,0.17856045714391588,-2.5444597392470573e-16,-0.11991478810954868,-3.0219707140326797,-2.134276552902225,0.11991478810954843,-0.0698,-0.08310953119365355,0.0676757294411634,-0.0698,0.013309531193653551,-3.012430107938394e-16,-0.08803376823103352,0.8945673144565983,1.823010864036129,0.08803376823103322,-0.0175,0.19846977348693215,0.14168194708280366,-0.0175,-0.21596977348693214,-2.1004520461535527e-17,-0.020437689641894703,-0.4448914837904727,-0.1782548836040155,0.02043768964189468,0.0,3.448960234303399e-06,-8.271156166674941e-05,0.0,-3.448960234303399e-06
204,2.149999999999985,0.08292014274066636,0.13883335915149778,0.6081115371408968,-0.008583195734937054,0.19640289072554137,0.4695909637052193,-0.001922577512536604,0.18989224457978376,-2.5319196332355315e-16,0.026231965524423608,-0.43000227073871244,-0.649471829888017,-0.02623196552442386,1.7628,1.5831353893384081,-0.10636052817016026,1.5624392164652252,0.17966461066159178,-2.5444597392470573e-16,-0.11335428321625031,3.046029110351933,2.8973,0.11335428321625006,-0.0698,-0.08213226775690383,0.0961782559669764,-0.0698,0.012332267756903825,-3.012430107938394e-16,-0.09123290490734594,-1.1047179531986855,-0.19029716860833257,0.09123290490734563,-0.0175,0.197146954191661,-0.16089843014221838,-0.0175,-0.21464695419166102,-2.1004520461535527e-17,-0.01850928794862978,0.442939886669963,0.6083930009256302,0.01850928794862976,0.0,3.897755440690472e-06,-4.027294269624404e-05,5.511987979232222e-05,-3.897755440690472e-06
205,2.1599999999999837,0.08199702149528083,0.13919619561793875,0.6083956317657151,-0.008695469869573511,0.19782779296934347,0.4695909637052193,-0.0019225775125366047,0.18989224457978376,-2.5319196332355315e-16,0.02715157698925977,0.4321884660738493,0.22014654654332155,-0.027151576989260025,1.7628,1.5811558217122887,-0.22679592564790305,1.5436774134628946,0.18164417828771118,-2.5444597392470573e-16,-0.11962488387032365,-3.0198724129733208,-2.139194844621932,0.1196248838703234,-0.0698,-0.08189949532656332,0.029387526870452603,-0.0698,0.01209949532656332,-3.012430107938394e-16,-0.09011301089779263,0.8903582577196847,1.8345811924574504,0.09011301089779232,-0.0175,0.1969085114289388,0.0724911863874715,-0.0175,-0.2144085114289388,-2.1004520461535527e-17,-0.01889396184682277,-0.3316241479991857,-0.2948655830809249,0.018893961846822748,0.0,2.938111526371359e-06,-0.00019179285128127432,9.090899170720265e-06,-2.938111526371359e-06
206,2.1699999999999826,0.08299231959486728,0.1390907442533851,0.6082993275578614,-0.008688250859917961,0.19766724287175533,0.4695909637052193,-0.0019225775125366058,0.18989224457978376,-2.5319196332355315e-16,0.02621388840746909,-0.4318883605719948,-0.6494010819879295,-0.026213888407469344,1.7628,1.5823746924394684,0.3032882567548555,1.6799493519495925,0.18042530756053154,-2.5444597392470573e-16,-0.11314657874592227,3.034137293062077,2.8973,0.11314657874592202,-0.0698,-0.07966930296248251,0.22902473594461364,-0.0698,0.009869302962482507,-3.012430107938394e-16,-0.09329392114998686,-1.088811780044873,-0.16945417053734613,0.09329392114998655,-0.0175,0.19666787454816706,-0.07060057841410415,-0.0175,-0.21416787454816705,-2.1004520461535527e-17,-0.017787466655670235,0.35159219652043516,0.4827758427737677,0.017787466655670214,0.0,1.0774133887515259e-06,-2.7835257302203517e-05,0.00016828795907030346,-1.0774133887515259e-06
207,2.1799999999999815,0.08186317718045225,0.13895908820418368,0.6082176540758492,-0.0088494917128024,0.1965470752377177,0.4695909637052193,-0.0019225775125366069,0.18989224457978376,-2.5319196332355315e-16,0.027521592824802803,0.474370448762825,0.22217725331224006,-0.027521592824803057,1.7628,1.5806490581355834,-0.21054602044337728,1.140114203729397,0.1821509418644165,-2.5444597392470573e-16,-0.11968822757445607,-3.047432263507713,-2.128964663094701,0.11968822757445582,-0.0698,-0.08741034524588305,-0.755962568757548,-0.1500703122447536,0.01761034524588305,-3.012430107938394e-16,-0.09171373540968641,0.9354352960436263,1.8351631492447653,0.09171373540968611,-0.0175,0.1971690122130287,0.14037141392962296,-0.0175,-0.2146690122130287,-2.1004520461535527e-17,-0.01910310861240824,-0.42692367431402534,-0.20929246327507345,0.01910310861240822,0.0,1.8567731459123028e-06,3.056071648345155e-05,1.9215950192191312e-05,-1.8567731459123028e-06
208,2.1899999999999804,0.0840573525647284,0.13834737194213642,0.6076933452316735,-0.008843177260226294,0.19434565216833827,0.4695909637052193,-0.001922577512536608,0.18989224457978376,-2.5319196332355315e-16,0.026549266469300718,-0.4397591323994877,-0.6945431913612494,-0.02654926646930097,1.7628,1.585474541563371,0.6569760354678675,1.6677535553587093,0.17732545843662884,-2.5444597392470573e-16,-0.11325690252442551,3.033205232545132,2.8973,0.11325690252442526,-0.0698,-0.08453889164808642,0.27869407923895445,-0.0698,0.014738891648086422,-3.012430107938394e-16,-0.09477652282590479,-1.079343227123437,-0.20172541276613742,0.09477652282590449,-0.0175,0.19727204465369452,-0.0524495801546974,-0.0175,-0.21477204465369454,-2.1004520461535527e-17,-0.018609122737841585,0.30897686369511435,0.5797485432132911,0.018609122737841564,0.0,1.2491866764714047e-06,-6.316321772232185e-05,0.0,-1.2491866764714047e-06
209,2.1999999999999793,0.08250368231031982,0.13774205608114604,0.6071445458179706,-0.00901088468981712,0.19117363553209782,0.4695909637052193,-0.001922577512536609,0.18989224457978376,-2.5319196332355315e-16,0.027892248776018178,0.484152886538204,0.22736500064507995,-0.02789224877601843,1.7628,1.5869640155353673,0.10040810609007901,0.7616276320251631,0.17583598446463267,-2.5444597392470573e-16,-0.11986345390201318,-3.0565078439028497,-2.12715001234973,0.11986345390201293,-0.0698,-0.09258387904554705,-0.8127967716317798,-0.16078294605426308,0.022783879045547045,-3.012430107938394e-16,-0.09302889280486723,0.9562956699776348,1.837555409730673,0.09302889280486693,-0.0175,0.19791622978365792,0.15363367133131095,-0.0175,-0.21541622978365793,-2.1004520461535527e-17,-0.02036290181745363,-0.47162233314259644,-0.16010388179238183,0.020362901817453608,0.0,2.0567761616227083e-06,-1.732485134034992e-05,5.3169724310550616e-05,-2.0567761616227083e-06
210,2.209999999999978,0.08439820592129389,0.13723322605777938,0.6066369850910109,-0.009019794476641765,0.18890438430872417,0.4695909637052193,-0.0019225775125366101,0.18989224457978376,-2.5319196332355315e-16,0.027007831757734677,-0.44351168297653293,-0.7072908767463515,-0.02700783175773493,1.7628,1.590769115519224,0.368228123486582,1.3062797696269823,0.17203088448077586,-2.5444597392470573e-16,-0.11339695405706574,3.048987664023369,2.8973,0.11339695405706549,-0.0698,-0.09202903659386574,0.1484367147498436,-0.0698,0.022229036593865742,-3.012430107938394e-16,-0.09613242809293784,-1.1080121177660176,-0.21206452753869942,0.09613242809293754,-0.0175,0.19818794436750703,-0.032794348471265986,-0.0175,-0.21568794436750705,-2.1004520461535527e-17,-0.02012245730779294,0.2958523934369468,0.6345255476822254,0.02012245730779292,0.0,3.0712509385683335e-06,7.77865078256494e-05,8.706420473682539e-07,-3.0712509385683335e-06
211,2.219999999999977,0.08332632598857727,0.13694483240611036,0.6063259167719415,-0.009147141332885314,0.18760195853113226,0.4695909637052193,-0.001922577512536611,0.18989224457978376,-2.5319196332355315e-16,0.027926505245378083,0.4417026274071041,0.2274490289146535,-0.027926505245378336,1.7628,1.5936418329550706,0.2406074155738845,1.0080189523596248,0.16915816704492936,-2.5444597392470573e-16,-0.11971448840719398,-3.029815768045151,-2.141812031566845,0.11971448840719373,-0.0698,-0.09094056606777924,0.10212257771143256,-0.0698,0.02114056606777924,-3.012430107938394e-16,-0.09496624020671139,0.8995891628019199,1.877071542509518,0.09496624020671109,-0.0175,0.1983246981161335,0.025504220113987064,-0.0175,-0.21582469811613353,-2.1004520461535527e-17,-0.02244981575230695,-0.5860565057230546,-0.13487273497460345,0.02244981575230693,0.0,3.1480938606751472e-06,-2.9021678158631958e-06,0.0,-3.1480938606751472e-06
212,2.229999999999976,0.08389795361678662,0.13672050021990567,0.6060879142409424,-0.009109903022397545,0.1868230383558751,0.4695909637052193,-0.0019225775125366116,0.18989224457978376,-2.5319196332355315e-16,0.026989210490944795,-0.45086348840985724,-0.6651146693701308,-0.026989210490945048,1.7628,1.5954102062126794,0.12547555338801464,1.1126579207855505,0.16738979378732055,-2.5444597392470573e-16,-0.11333531257286296,2.9764549933714313,2.8973,0.11333531257286271,-0.0698,-0.08966850773288036,0.12278349577444442,-0.0698,0.01986850773288036,-3.012430107938394e-16,-0.09759336971013544,-0.7640321094702281,-0.13985924114823123,0.09759336971013513,-0.0175,0.19803017172067378,-0.03448473231906027,-0.0175,-0.2155301717206738,-2.1004520461535527e-17,-0.023058080169466404,0.23334025601464206,0.7656550317415101,0.023058080169466384,0.0,3.90336785096495e-06,0.00013153068912538667,0.0,-3.90336785096495e-06
213,2.239999999999975,0.08297104369401687,0.1367776344375602,0.6061486904618292,-0.009038235992751022,0.18681394150911704,0.4695909637052193,-0.0019225775125366116,0.18989224457978376,-2.5319196332355315e-16,0.02779035140257461,0.4266318763211139,0.23494980448229685,-0.027790351402574864,1.7628,1.5958625497264247,-0.0012384720122971538,1.2136427969105497,0.1669374502735752,-2.5444597392470573e-16,-0.12023460486988075,-3.0750494612003005,-2.0697724927885295,0.1202346048698805,-0.0698,-0.0888058874959322,0.08069457307197099,-0.0698,0.019005887495932197,-3.012430107938394e-16,-0.09309655111277487,1.230839093513639,1.544779067151309,0.09309655111277457,-0.0175,0.19865571775217203,0.0980911607240554,-0.0175,-0.21615571775217202,-2.1004520461535527e-17,-0.024305066905344168,-0.23908646429269215,-0.04887561465891099,0.024305066905344147,0.0,3.721007870774772e-06,-9.674465492755687e-06,0.0,-3.721007870774772e-06
214,2.249999999999974,0.08344116885251554,0.13680215196878015,0.6061961500947535,-0.008832325032057034,0.18742096475217934,0.4695909637052193,-0.0019225775125366116,0.18989224457978376,-2.5319196332355315e-16,0.026758269623490327,-0.44873339274756785,-0.6489546875417128,-0.02675826962349058,1.7628,1.5952396538560492,-0.11253149373170841,1.3367380742008987,0.16756034614395077,-2.5444597392470573e-16,-0.11414303902453085,3.00602549436327,2.8973,0.1141430390245306,-0.0698,-0.08773270804733907,0.10503048713016062,-0.0698,0.01793270804733907,-3.012430107938394e-16,-0.0932689415974234,-0.8200966373727044,-0.48606668461144253,0.09326894159742309,-0.0175,0.19793548944687767,-0.1135180932029185,-0.0175,-0.21543548944687768,-2.1004520461535527e-17,-0.02156151089865302,0.5130648945668641,0.4335269995354453,0.021561510898652998,0.0,4.061961027846333e-06,9.118568503398267e-06,0.0,-4.061961027846333e-06
215,2.2599999999999727,0.08208304584291158,0.1371119106798124,0.6065278129392327,-0.008774129590355182,0.18887656438658124,0.4695909637052193,-0.0019225775125366119,0.18989224457978376,-2.5319196332355315e-16,0.027560237484812518,0.426212624671536,0.2346672357596432,-0.02756023748481277,1.7628,1.5933052357422548,-0.24055836458804636,1.4530142628833145,0.16949476425774512,-2.5444597392470573e-16,-0.12079280207481641,-3.0570138683584114,-2.0928811821670252,0.12079280207481616,-0.0698,-0.08705316228060425,0.06291898438355355,-0.0698,0.01725316228060425,-3.012430107938394e-16,-0.0893890134768486,1.160861734127412,1.5662481701520892,0.0893890134768483,-0.0175,0.1978874107396932,0.08011944523743017,-0.0175,-0.2153874107396932,-2.1004520461535527e-17,-0.02148856529298882,-0.30015895828584027,-0.3405728073776401,0.021488565292988798,0.0,3.4569224314579374e-06,-6.851629224493786e-05,0.0,-3.4569224314579374e-06
216,2.2699999999999716,0.08267117656624251,0.13717449738628484,0.6066016839663093,-0.00860536529353296,0.18939664979433266,0.4695909637052193,-0.0019225775125366127,0.18989224457978376,-2.5319196332355315e-16,0.026508227024441586,-0.44644840164208416,-0.6466945245500382,-0.02650822702444184,1.7628,1.5932465196914538,0.05013526546851012,1.5965164786500075,0.1695534803085461,-2.5444597392470573e-16,-0.11461967582567265,3.0088118429765656,2.8973,0.1146196758256724,-0.0698,-0.08496638976551643,0.17595608091101966,-0.0698,0.01516638976551643,-3.012430107938394e-16,-0.0901024167362175,-0.8606198280155228,-0.4457496263126255,0.09010241673621719,-0.0175,0.19769658188966127,-0.06480267745574758,-0.0175,-0.2151965818896613,-2.1004520461535527e-17,-0.020067992265718298,0.3840719419428824,0.4720674806297507,0.020067992265718277,0.0,4.439713188953489e-06,0.00016166512532768957,4.086091279327437e-05,-4.439713188953489e-06
217,2.2799999999999705,0.08140240044112032,0.13735752789193784,0.6067869188832182,-0.00858206114394186,0.19000008308884908,0.4695909637052193,-0.0019225775125366138,0.18989224457978376,-2.5319196332355315e-16,0.027334978424291372,0.426307706447159,0.23438258544654944,-0.027334978424291625,1.7628,1.5925585375232236,-0.11900896201462108,1.3062925769998588,0.1702414624767763,-2.5444597392470573e-16,-0.12123524673312815,-3.052162188368775,-2.0918544363711864,0.1212352467331279,-0.0698,-0.084488258266035,0.03668413000150859,-0.0698,0.014688258266034995,-3.012430107938394e-16,-0.08660234878124302,1.1226274421862767,1.5814391619052603,0.08660234878124272,-0.0175,0.19811499926005754,0.12675345299557125,-0.0175,-0.21561499926005756,-2.1004520461535527e-17,-0.02113972010663103,-0.40803098436334406,-0.2235280038171362,0.02113972010663101,0.0,3.740991149487269e-06,-0.00013636454494837235,0.0,-3.740991149487269e-06
218,2.2899999999999694,0.08210759437991394,0.1376292037792376,0.6070595055328977,-0.008454132641942731,0.19113181235537186,0.4695909637052193,-0.001922577512536615,0.18989224457978376,-2.5319196332355315e-16,0.026372363818486247,-0.43798029821624684,-0.644987533841492,-0.0263723638184865,1.7628,1.590776604873143,-0.22659560767699424,1.4809406618288314,0.17202339512685683,-2.5444597392470573e-16,-0.11500152565243907,3.016912410831333,2.8973,0.11500152565243882,-0.0698,-0.08383036719443578,0.06522763690992381,-0.0698,0.014030367194435775,-3.012430107938394e-16,-0.08779161703665764,-0.9152275760254474,-0.429808651936335,0.08779161703665733,-0.0175,0.19823120431932598,-0.04214773010701939,-0.0175,-0.21573120431932596,-2.1004520461535527e-17,-0.02045779280159583,0.3305175148923881,0.5771487452163921,0.02045779280159581,0.0,4.506611252013668e-06,7.435971376725205e-05,0.0001064366157524742,-4.506611252013668e-06
219,2.2999999999999683,0.08142659657013113,0.13769294868048446,0.6071205478775648,-0.008436853069952156,0.19148152355791664,0.4695909637052193,-0.001922577512536616,0.18989224457978376,-2.5319196332355315e-16,0.027143989636240626,0.4197735502770075,0.22700138766835484,-0.02714398963624088,1.7628,1.5911551333853244,0.11509514336366737,1.6027827686918488,0.17164486661467548,-2.5444597392470573e-16,-0.12148460784053804,-3.039943055148527,-2.0969002056118224,0.12148460784053779,-0.0698,-0.08213830653002989,0.12458013836568126,-0.0698,0.012338306530029888,-3.012430107938394e-16,-0.08466347767150421,1.096146008294435,1.617560512318706,0.08466347767150391,-0.0175,0.19827087653927156,-0.06252436441741133,-0.0175,-0.21577087653927157,-2.1004520461535527e-17,-0.021960495705131228,-0.5371913059203398,-0.16685517247962164,0.021960495705131207,0.0,4.608069982829732e-06,0.0003426639003953784,0.0,-4.608069982829732e-06
220,2.309999999999967,0.08187640357592169,0.13759001671273505,0.6070231702177383,-0.008310569966889836,0.1915031028957629,0.4695909637052193,-0.001922577512536617,0.18989224457978376,-2.5319196332355315e-16,0.026201936541130923,-0.43302198568300393,-0.6369254673669346,-0.026201936541131177,1.7628,1.5912827268787477,-0.03932670602597356,1.2580637895537365,0.1715172731212522,-2.5444597392470573e-16,-0.11518414177084,3.0206587040057418,2.8973,0.11518414177083976,-0.0698,-0.0816344365198442,0.042653684750523745,-0.0698,0.0118344365198442,-3.012430107938394e-16,-0.08604815486897406,-0.9327822004020616,-0.4188381869224037,0.08604815486897376,-0.0175,0.19746630681393468,-0.06570440283089281,-0.0175,-0.2149663068139347,-2.1004520461535527e-17,-0.022267773181548295,0.24486734531195575,0.7128752715613895,0.022267773181548274,0.0,5.198467620487038e-06,-3.305986002069219e-05,0.0,-5.198467620487038e-06
221,2.319999999999966,0.08100315266064306,0.13785008884027078,0.6072710422071054,-0.008325993104476456,0.19230869771236003,0.4695909637052193,-0.0019225775125366181,0.18989224457978376,-2.5319196332355315e-16,0.027054651161458613,0.4249090773776435,0.22340649335395452,-0.027054651161458866,1.7628,1.59007493159916,-0.16795813080724034,1.4114648909959913,0.1727250684008399,-2.5444597392470573e-16,-0.121599727201494,-3.027791493847894,-2.099185569839024,0.12159972720149376,-0.0698,-0.0815425155980972,0.006491303585773004,-0.0698,0.011742515598097206,-3.012430107938394e-16,-0.08324279774634505,1.0573196519854908,1.6211674393538518,0.08324279774634474,-0.0175,0.19798962237631118,0.13175253260144287,-0.0175,-0.2154896223763112,-2.1004520461535527e-17,-0.02311463996929113,-0.2774086531625808,-0.06672515985956956,0.02311463996929111,0.0,4.426214820710735e-06,-7.355264684226552e-05,0.0,-4.426214820710735e-06
222,2.329999999999965,0.08187168108358218,0.1382060640663168,0.607603046124723,-0.008234560704828125,0.19359901124565332,0.4695909637052193,-0.0019225775125366184,0.18989224457978376,-2.5319196332355315e-16,0.02612379309359175,-0.4326560303764676,-0.6413462866693145,-0.026123793093592005,1.7628,1.5879163916187276,-0.24000664302244393,1.5497586780139596,0.17488360838127237,-2.5444597392470573e-16,-0.11518480511447356,3.0314303806221883,2.8973,0.11518480511447331,-0.0698,-0.0810984300620104,0.05940252256457997,-0.0698,0.011298430062010395,-3.012430107938394e-16,-0.08504163293753021,-0.9724386868484397,-0.3913772700147329,0.0850416329375299,-0.0175,0.19831270346638674,-0.023432141043058498,-0.0175,-0.21581270346638676,-2.1004520461535527e-17,-0.02147677023618475,0.4082408246322367,0.4623257729169097,0.02147677023618473,0.0,4.214710314532175e-06,-8.308513010536514e-05,3.8142928276579636e-05,-4.214710314532175e-06
223,2.339999999999964,0.0812282447502205,0.1382081181117443,0.6076014308584767,-0.008242348278013532,0.19372047727925967,0.4695909637052193,-0.0019225775125366184,0.18989224457978376,-2.5319196332355315e-16,0.026892974116762666,0.41422851361246604,0.22366568562773156,-0.02689297411676292,1.7628,1.5887723394030044,0.2693549873117458,1.6390755100726229,0.17402766059699548,-2.5444597392470573e-16,-0.12149583122505817,-3.0201665284428216,-2.1099519397064017,0.12149583122505792,-0.0698,-0.07923073521716605,0.1895382096859443,-0.0698,0.009430735217166045,-3.012430107938394e-16,-0.08245156638423526,1.0481860363632163,1.652771750348679,0.08245156638423495,-0.0175,0.19830683461702875,-0.08984556018289075,-0.0175,-0.21580683461702876,-2.1004520461535527e-17,-0.02233380844018431,-0.47457881858910356,-0.23642666274275886,0.02233380844018429,0.0,1.7465686556156422e-06,-2.841151789536179e-05,4.936744758910774e-05,-1.7465686556156422e-06
224,2.349999999999963,0.08155514464576075,0.13791239779376496,0.6073322151567987,-0.008155544734137949,0.1927779391916393,0.4695909637052193,-0.0019225775125366184,0.18989224457978376,-2.5319196332355315e-16,0.026185051129208825,-0.41197021031672176,-0.6293723065465694,-0.02618505112920908,1.7628,1.5882923594488956,-0.08669841563174893,1.122866297464218,0.17450764055110435,-2.5444597392470573e-16,-0.11511625875196808,3.0288415930697337,2.8973,0.11511625875196783,-0.0698,-0.08338041540362637,-0.38993973141216604,-0.11409232794861593,0.013580415403626367,-3.012430107938394e-16,-0.08409685550877743,-0.9598951722664293,-0.38857350528933665,0.08409685550877713,-0.0175,0.19735594339978144,-0.07343974499041453,-0.0175,-0.21485594339978142,-2.1004520461535527e-17,-0.022200514740338996,0.2796750002549915,0.6532492861105779,0.022200514740338975,0.0,3.997409127163525e-06,8.848457521244335e-05,1.4438968650436654e-05,-3.997409127163525e-06
225,2.3599999999999617,0.08131833461174154,0.13797403991518783,0.6073912324952062,-0.00819445832761484,0.1928222826284556,0.4695909637052193,-0.0019225775125366194,0.18989224457978376,-2.5319196332355315e-16,0.027052922979011483,0.4276997061242477,0.20248980128304914,-0.027052922979011736,1.7628,1.588392868305146,-0.03293026736394219,1.4827595400405837,0.1744071316948539,-2.5444597392470573e-16,-0.12141546235469826,-3.0185194281757615,-2.107911523053991,0.12141546235469801,-0.0698,-0.08322555666270344,0.02342454423142075,-0.0698,0.013425556662703439,-3.012430107938394e-16,-0.08170544886817578,1.017333128983454,1.6326700163366463,0.08170544886817548,-0.0175,0.19778999912978415,0.12258788512491653,-0.0175,-0.21528999912978414,-2.1004520461535527e-17,-0.02276183735936147,-0.2526968024641447,-0.10207088233227968,0.02276183735936145,0.0,3.3856332986715863e-06,-4.324325649683879e-05,0.0,-3.3856332986715863e-06
226,2.3699999999999606,0.08200771808523585,0.13815622111080905,0.6075636443378977,-0.008127609392043884,0.19338200245476658,0.4695909637052193,-0.0019225775125366205,0.18989224457978376,-2.5319196332355315e-16,0.026128158789633097,-0.4328919499904939,-0.6441230899563416,-0.02612815878963335,1.7628,1.5874783131408252,-0.13923234088079847,1.4281873209227733,0.1753216868591747,-2.5444597392470573e-16,-0.11489324570261272,3.0429831483518894,2.8973,0.11489324570261247,-0.0698,-0.08269096944437408,0.05342494755849323,-0.0698,0.012890969444374081,-3.012430107938394e-16,-0.08390908308236254,-1.013789613125571,-0.36368953803805015,0.08390908308236224,-0.0175,0.19819906855388505,-0.010289520393971775,-0.0175,-0.21569906855388504,-2.1004520461535527e-17,-0.02093734184917039,0.42424570356814195,0.4347915013390363,0.020937341849170368,0.0,3.7854294031697863e-06,3.820728607973958e-05,1.61581901074661e-05,-3.7854294031697863e-06
227,2.3799999999999595,0.08122291746382693,0.13855590153835473,0.6079155601541195,-0.008188372797597697,0.19487056536101652,0.4695909637052193,-0.001922577512536621,0.18989224457978376,-2.5319196332355315e-16,0.027007411377693146,0.4291686426119967,0.2238666796734271,-0.0270074113776934,1.7628,1.5852824130761962,-0.2658762356505714,1.5418058357541962,0.1775175869238037,-2.5444597392470573e-16,-0.12118470574477157,-3.022496488890974,-2.1238371827309894,0.12118470574477132,-0.0698,-0.08249567704239434,0.016402607143982187,-0.0698,0.01269567704239434,-3.012430107938394e-16,-0.08195339880388114,0.9688754039090378,1.685062277784469,0.08195339880388083,-0.0175,0.19833270433435612,0.014696789490430046,-0.0175,-0.21583270433435614,-2.1004520461535527e-17,-0.022216821272083465,-0.49150982410977195,-0.256746968774779,0.022216821272083444,0.0,3.4151988335496264e-06,-7.124202607854279e-05,0.0,-3.4151988335496264e-06
228,2.3899999999999584,0.08230146508722709,0.13846837273336507,0.6078286177136707,-0.008119889804622386,0.1949355155441641,0.4695909637052193,-0.001922577512536621,0.18989224457978376,-2.5319196332355315e-16,0.026021063671790325,-0.43727706406778566,-0.6452279336335439,-0.02602106367179058,1.7628,1.5861821901813178,0.27172078104795794,1.6860169310410011,0.17661780981868214,-2.5444597392470573e-16,-0.1147108480861016,3.0346772576169885,2.8973,0.11471084808610135,-0.0698,-0.08022079427316593,0.23462192720563416,-0.0698,0.010420794273165931,-3.012430107938394e-16,-0.08437395388574298,-1.0143186772591242,-0.31324821347799114,0.08437395388574268,-0.0175,0.19775143326413305,-0.07083725223672417,-0.0175,-0.21525143326413304,-2.1004520461535527e-17,-0.02218716023849469,0.27038648589138403,0.6692443942864394,0.02218716023849467,0.0,1.100518083403969e-06,-6.67562554204962e-05,4.392043541014578e-05,-1.100518083403969e-06
229,2.3999999999999573,0.08119802046952423,0.13839978015045493,0.6077860562704221,-0.008226308668899895,0.1940005909743276,0.4695909637052193,-0.0019225775125366212,0.18989224457978376,-2.5319196332355315e-16,0.02729004611374747,0.4706784385141492,0.22910855469346103,-0.027290046113747725,1.7628,1.584100885880761,-0.24763270768786258,1.141221697501499,0.1786991141192389,-2.5444597392470573e-16,-0.121210757530285,-3.0396721457385834,-2.116990472928178,0.12121075753028475,-0.0698,-0.08799217689203129,-0.7619964705298524,-0.1512555730203067,0.018192176892031287,-3.012430107938394e-16,-0.08203886416466309,1.013072428675363,1.6893103083450656,0.08203886416466279,-0.0175,0.19826946841724277,0.1370540667880214,-0.0175,-0.21576946841724276,-2.1004520461535527e-17,-0.023559366469968743,-0.328933000636862,-0.09288920398342668,0.023559366469968722,0.0,1.8405021543846599e-06,2.823701728385591e-05,5.795211075326445e-05,-1.8405021543846599e-06
230,2.409999999999956,0.0833452042761664,0.1378561227826252,0.607289772349378,-0.008159654688487887,0.19200116727605251,0.4695909637052193,-0.001922577512536622,0.18989224457978376,-2.5319196332355315e-16,0.026264639420333323,-0.44564317573761414,-0.688998807424131,-0.026264639420333576,1.7628,1.5885970626250991,0.6257873237164644,1.6772256206417737,0.17420293737490078,-2.5444597392470573e-16,-0.11470814921887237,3.0405917189310943,2.8973,0.11470814921887212,-0.0698,-0.08509489640358439,0.2842898454856741,-0.0698,0.01529489640358439,-3.012430107938394e-16,-0.08437734261936296,-1.0093185266380642,-0.35676151535806067,0.08437734261936265,-0.0175,0.19829099284415277,-0.06289249747513886,-0.0175,-0.21579099284415276,-2.1004520461535527e-17,-0.022312801322083464,0.37182834117787467,0.5174079323966118,0.022312801322083443,0.0,1.1515686597704496e-06,-6.265338517945501e-05,0.0,-1.1515686597704496e-06
231,2.419999999999955,0.08161911384649369,0.1373122911795454,0.606753673351622,-0.008272354564073643,0.18903391898382937,0.4695909637052193,-0.0019225775125366231,0.18989224457978376,-2.5319196332355315e-16,0.027568306612096388,0.48103516223585174,0.23552606037494553,-0.02756830661209664,1.7628,1.5897350624758064,0.06355640326377261,0.7678361752827418,0.1730649375241935,-2.5444597392470573e-16,-0.1212357641446422,-3.0488938691654472,-2.1229265251801173,0.12123576414464195,-0.0698,-0.09316651331469478,-0.8184091787608415,-0.16193067425699897,0.023366513314694776,-3.012430107938394e-16,-0.08195319261373868,1.0215333748383124,1.6843372675929653,0.08195319261373837,-0.0175,0.19874478549219807,0.13068202217579009,-0.0175,-0.21624478549219806,-2.1004520461535527e-17,-0.023557349745306516,-0.426491867064404,-0.19332593060120712,0.023557349745306495,0.0,2.0279834448472557e-06,-1.8988887315462806e-05,5.344083590129141e-05,-2.0279834448472557e-06
232,2.429999999999954,0.08337410967878933,0.13672292652860316,0.6061407727722611,-0.008202752760755645,0.1870873058724482,0.4695909637052193,-0.0019225775125366234,0.18989224457978376,-2.5319196332355315e-16,0.026628633578337602,-0.4491317918032522,-0.7015816151326248,-0.026628633578337856,1.7628,1.5932241173280388,0.3383943812754632,1.3209630969297754,0.1695758826719611,-2.5444597392470573e-16,-0.11465034908195484,3.058965145782506,2.8973,0.1146503490819546,-0.0698,-0.09260403409254482,0.15397952086372743,-0.0698,0.02280403409254482,-3.012430107938394e-16,-0.08440113161465404,-1.0479975287199237,-0.3659078339284054,0.08440113161465373,-0.0175,0.1975648820069251,-0.1130026543767064,-0.0175,-0.21506488200692508,-2.1004520461535527e-17,-0.02143852779259133,0.461311582885102,0.6149506650268559,0.02143852779259131,0.0,2.9337502289366156e-06,1.1677375987533124e-05,2.765019756684761e-06,-2.9337502289366156e-06
233,2.439999999999953,0.08182079682364968,0.13647600252108918,0.605862709501385,-0.008281245773951578,0.1859835491781421,0.4695909637052193,-0.0019225775125366238,0.18989224457978376,-2.5319196332355315e-16,0.027503573733202454,0.43807257134407884,0.23610272317654935,-0.027503573733202707,1.7628,1.5957788536959847,0.20691413610496806,1.0182126801002256,0.1670211463040152,-2.5444597392470573e-16,-0.12087357811141979,-3.0203030411600054,-2.141762353126869,0.12087357811141954,-0.0698,-0.09145908396320016,0.10761001491569831,-0.0698,0.021659083963200154,-3.012430107938394e-16,-0.08266447121946907,0.9554206104151253,1.7232065816371536,0.08266447121946877,-0.0175,0.19760954965313904,0.09394164903458788,-0.0175,-0.21510954965313905,-2.1004520461535527e-17,-0.021777944321046575,-0.3362307466764345,-0.2898033605443715,0.021777944321046554,0.0,2.467394349124397e-06,-5.597860694925675e-05,0.0,-2.467394349124397e-06
234,2.4499999999999518,0.08207647683748014,0.1363326147228987,0.6057023307721222,-0.00824892072486785,0.1853916919558336,0.4695909637052193,-0.0019225775125366249,0.18989224457978376,-2.5319196332355315e-16,0.026552392829812966,-0.44312635476451523,-0.6581011612097005,-0.02655239282981322,1.7628,1.597224412352696,0.0941486237087644,1.1292550343271537,0.16557558764730396,-2.5444597392470573e-16,-0.11427946214988416,3.055190495146073,2.8973,0.11427946214988391,-0.0698,-0.09013414970877505,0.12926304557674748,-0.0698,0.02033414970877505,-3.012430107938394e-16,-0.08553417969435358,-1.0834510728093312,-0.29410484065937514,0.08553417969435327,-0.0175,0.1976041507660959,-0.04475900572214446,-0.0175,-0.2151041507660959,-2.1004520461535527e-17,-0.020618745055827285,0.3645862155499658,0.510454301244807,0.020618745055827264,0.0,4.130701432527841e-06,0.00015136231119989625,3.623945215626157e-05,-4.130701432527841e-06
235,2.4599999999999507,0.08100034981918564,0.13644886456714267,0.6058220100958782,-0.008356488473319776,0.18564967098380508,0.4695909637052193,-0.001922577512536626,0.18989224457978376,-2.5319196332355315e-16,0.027445889138020343,0.43748899277206876,0.23070721212600948,-0.027445889138020596,1.7628,1.5973427883191256,-0.03621261720452622,1.2304560774696673,0.16545721168087435,-2.5444597392470573e-16,-0.12050156883998456,-3.018095346134826,-2.1409547979470016,0.12050156883998431,-0.0698,-0.0892242762537551,0.08500188446755116,-0.0698,0.019424276253755104,-3.012430107938394e-16,-0.0841482656716703,0.9205203570628642,1.7677245103641575,0.08414826567167,-0.0175,0.1981918944250391,0.1423583806292724,-0.0175,-0.2156918944250391,-2.1004520461535527e-17,-0.021881628351152944,-0.4275977832143003,-0.19963625510334768,0.021881628351152923,0.0,4.42057984110453e-06,-1.0363051540054794e-06,0.0,-4.42057984110453e-06
236,2.4699999999999496,0.08181939436754218,0.136629937414046,0.6060262504313559,-0.008345964569936557,0.18644370395600737,0.4695909637052193,-0.001922577512536627,0.18989224457978376,-2.5319196332355315e-16,0.026520411110434208,-0.43869123485516,-0.6570561058762335,-0.02652041111043446,1.7628,1.5963739678486362,-0.14628418534028356,1.359870310651521,0.16642603215136376,-2.5444597392470573e-16,-0.11391048928899482,3.053491184964989,2.8973,0.11391048928899457,-0.0698,-0.08811238420053379,0.10882391287286641,-0.0698,0.018312384200533785,-3.012430107938394e-16,-0.08731601173999762,-1.1101106055633285,-0.2473342316895042,0.08731601173999731,-0.0175,0.19839998659346977,-0.03700677915941663,-0.0175,-0.21589998659346976,-2.1004520461535527e-17,-0.021331228037801523,0.32053237722861744,0.6026508100235237,0.021331228037801502,0.0,5.224249523444997e-06,6.505402401602397e-05,0.0,-5.224249523444997e-06
237,2.4799999999999485,0.08121522092151481,0.1369900539249938,0.6064140925883099,-0.00845961466789317,0.1881678831781713,0.4695909637052193,-0.0019225775125366281,0.18989224457978376,-2.5319196332355315e-16,0.027425154332531978,0.436656706405537,0.2265279459716843,-0.02742515433253223,1.7628,1.5941054022382943,-0.2740489766526323,1.4776924425511937,0.1686945977617056,-2.5444597392470573e-16,-0.12013879469556506,-3.018120098495168,-2.1422072706530324,0.12013879469556481,-0.0698,-0.08739491644438595,0.06650076384930931,-0.0698,0.017594916444385947,-3.012430107938394e-16,-0.0862130088268397,0.8915508012481195,1.808638699483307,0.0862130088268394,-0.0175,0.19827860294543045,0.0447672902954888,-0.0175,-0.21577860294543044,-2.1004520461535527e-17,-0.023583440290499542,-0.5445451961631057,-0.14988255292620542,0.02358344029049952,0.0,4.948789036179199e-06,-7.889939418113639e-05,0.0,-4.948789036179199e-06
238,2.4899999999999474,0.08242918301074927,0.13699300642240522,0.6064209596664674,-0.008445599895029642,0.18844787866648868,0.4695909637052193,-0.0019225775125366292,0.18989224457978376,-2.5319196332355315e-16,0.02644441451444267,-0.4394666857837406,-0.6560579410657948,-0.02644441451444292,1.7628,1.5947977575173817,0.2095233932658635,1.6236057587462769,0.1680022424826182,-2.5444597392470573e-16,-0.11360615565521028,3.041332470313718,2.8973,0.11360615565521003,-0.0698,-0.08473306167341534,0.2374420003561965,-0.0698,0.014933061673415335,-3.012430107938394e-16,-0.08942895559219965,-1.0957165462438647,-0.2018467306334043,0.08942895559219935,-0.0175,0.19807675341050038,-0.03367917868330888,-0.0175,-0.21557675341050037,-2.1004520461535527e-17,-0.024003976492582266,0.2328731767440683,0.7332127184871019,0.024003976492582246,0.0,3.633130605094833e-06,0.0003842949649568268,3.9309081891702796e-05,-3.633130605094833e-06
239,2.4999999999999463,0.0814998991189467,0.13704793047988117,0.6064641001220857,-0.00858485754093314,0.1880230733593113,0.4695909637052193,-0.0019225775125366303,0.18989224457978376,-2.5319196332355315e-16,0.02760485923149263,0.4586356194842942,0.22791136966819722,-0.027604859231492883,1.7628,1.5933342465530662,-0.16361722042835092,1.134494546595082,0.1694657534469337,-2.5444597392470573e-16,-0.11997740472215108,-3.0233423996416873,-2.1324832250720376,0.11997740472215083,-0.0698,-0.08946000051864893,-0.40518170007565535,-0.11797750696887382,0.019660000518648926,-3.012430107938394e-16,-0.08787829978952708,0.9425114868205897,1.8111481909814595,0.08787829978952677,-0.0175,0.19875557697322224,0.11586538279924698,-0.0175,-0.21625557697322223,-2.1004520461535527e-17,-0.024578708659738206,-0.1485292147243499,-0.04084136480341033,0.024578708659738185,0.0,4.326854452409496e-06,3.4106878413676394e-05,0.0,-4.326854452409496e-06
