time,target_qpos_0,current_qpos_0,error_0,ctrl_0,target_qpos_1,current_qpos_1,error_1,ctrl_1,target_qpos_2,current_qpos_2,error_2,ctrl_2,target_qpos_3,current_qpos_3,error_3,ctrl_3,target_qpos_4,current_qpos_4,error_4,ctrl_4,target_qpos_5,current_qpos_5,error_5,ctrl_5,target_qpos_6,current_qpos_6,error_6,ctrl_6,mean_abs_error
0.21000000000000016,0.24999229703629827,0.01383039739464955,0.23616189964164871,0.5,-0.19836746749036882,-0.007696985247807099,-0.19067048224256172,-0.4,0.19998988434243103,0.018803596323228634,0.1811862880192024,0.4,-0.21972806939956546,-0.08978978699880816,-0.1299382824007573,-0.3,0.09996446528413826,-0.006459118269370164,0.10642358355350842,0.2,0.29560832808700255,0.19637470825420264,0.09923361983279991,0.19999999999999996,-0.11834936928887,-0.019053869665483742,-0.09929549962338625,-0.2,0.15714285714285717
0.22000000000000017,0.24999229703629827,0.05393758188247886,0.19605471515381942,0.47232379928329743,-0.19836746749036882,-0.01754315564933781,-0.180824311841031,-0.38134096448512345,0.19998988434243103,0.04817679913071575,0.15181308521171527,0.3623725760384048,-0.21972806939956546,-0.10698022873719173,-0.11274784066237373,-0.2598765648015146,0.09996446528413826,-0.018552436355030535,0.1185169016391688,0.21284716710701684,0.29560832808700255,0.19719786611120602,0.09841046197579653,0.19846723966559982,-0.11834936928887,-0.021198778092613696,-0.0971505911962563,-0.1985909992467725,0.14898709361626641
0.23000000000000018,0.24999229703629827,0.08666354608542536,0.1633287509508729,0.39210943030763884,-0.19836746749036882,-0.027611650891545644,-0.17075581659882316,-0.361648623682062,0.19998988434243103,0.07293062463627545,0.1270592597061556,0.30362617042343054,-0.21972806939956546,-0.11922386230132308,-0.10050420709824238,-0.22549568132474745,0.09996446528413826,-0.019031282963896737,0.118995748248035,0.2370338032783376,0.29560832808700255,0.19861965371893936,0.09698867436806319,0.19682092395159306,-0.11834936928887,-0.024827057830678054,-0.09352231145819194,-0.1943011823925126,0.13650255824002303
0.24000000000000019,0.24999229703629827,0.10885376646715736,0.1411385305691409,0.3266575019017458,-0.19836746749036882,-0.038682155836270105,-0.15968531165409872,-0.3415116331976463,0.19998988434243103,0.09003792994059996,0.10995195440183107,0.2541185194123112,-0.21972806939956546,-0.12773089102870586,-0.0919971783708596,-0.20100841419648477,0.09996446528413826,-0.006249103926285424,0.10621356921042369,0.23799149649607,0.29560832808700255,0.20043333095861895,0.09517499712838359,0.19397734873612638,-0.11834936928887,-0.02973482345408778,-0.08861454583478222,-0.18704462291638388,0.12445068120405488
0.25000000000000017,0.24999229703629827,0.12529222128480924,0.12470007575148903,0.2822770611382818,-0.19836746749036882,-0.05121960435143592,-0.1471478631389329,-0.31937062330819743,0.19998988434243103,0.10308178794328385,0.09690809639914719,0.21990390880366215,-0.21972806939956546,-0.13359511425280993,-0.08613295514675554,-0.1839943567417192,0.09996446528413826,0.013827289032856812,0.08613717625128145,0.21242713842084737,0.29560832808700255,0.20234475854041467,0.09326356954658788,0.19034999425676719,-0.11834936928887,-0.035499947930074265,-0.08284942135879572,-0.17722909166956444,0.11325372673850284
0.2600000000000002,0.24999229703629827,0.13740367243393573,0.11258862460236255,0.24940015150297806,-0.19836746749036882,-0.06612423930501513,-0.1322432281853537,-0.2942957262778658,0.19998988434243103,0.1120391526185138,0.08795073172391724,0.19381619279829437,-0.21972806939956546,-0.13834031385995993,-0.08138775553960553,-0.17226591029351107,0.09996446528413826,0.030666348635195403,0.06929811664894285,0.1722743525025629,0.29560832808700255,0.2046452844821389,0.09096304360486365,0.18652713909317575,-0.11834936928887,-0.04217155408345536,-0.07617781520541464,-0.16569884271759144,0.10244845108471282
0.2700000000000002,0.24999229703629827,0.1459616395756872,0.10403065746061108,0.2251772492047251,-0.19836746749036882,-0.08321756150159623,-0.11514990598877259,-0.2644864563707074,0.19998988434243103,0.11679330840905194,0.08319657593337909,0.17590146344783447,-0.21972806939956546,-0.14156615670946437,-0.07816191269010109,-0.16277551107921107,0.09996446528413826,0.04333319602951347,0.056631269254624785,0.1385962332978857,0.29560832808700255,0.2072851201658926,0.08832320792110995,0.1819260872097273,-0.11834936928887,-0.04949491928739376,-0.06885445000147623,-0.15235563041082928,0.09294418793006574
0.2800000000000002,0.24999229703629827,0.14923049495786345,0.10076180207843483,0.20806131492122215,-0.19836746749036882,-0.09863269542197119,-0.09973477206839763,-0.23029981197754518,0.19998988434243103,0.12328211279722195,0.07670777154520908,0.16639315186675818,-0.21972806939956546,-0.14227109919274783,-0.07745697020681763,-0.15632382538020217,0.09996446528413826,0.051886423422195564,0.04807804186194269,0.11326253850924957,0.29560832808700255,0.20982502662567712,0.08578330146132543,0.1766464158422199,-0.11834936928887,-0.05686054096045505,-0.06148882832841494,-0.13770890000295247,0.08490685417858213
0.2900000000000002,0.24999229703629827,0.15583178997369543,0.09416050706260284,0.20152360415686965,-0.19836746749036882,-0.11131708153522682,-0.087050385955142,-0.19946954413679527,0.19998988434243103,0.12638729094317508,0.07360259339925596,0.15341554309041816,-0.21972806939956546,-0.14247566024187855,-0.07725240915768691,-0.15491394041363526,0.09996446528413826,0.057588487554287436,0.04237597772985082,0.09615608372388539,0.29560832808700255,0.2113663520074273,0.08424197607957526,0.17156660292265086,-0.11834936928887,-0.062101238370048634,-0.05624813091882136,-0.12297765665682989,0.07857306965007747
0.3000000000000002,0.24999229703629827,0.15912336412400324,0.09086893291229503,0.1883210141252057,-0.19836746749036882,-0.12127034468528869,-0.07709712280508013,-0.174100771910284,0.19998988434243103,0.12862237494394432,0.07136750939848671,0.1472051867985119,-0.21972806939956546,-0.142586299563835,-0.07714176983573046,-0.15450481831537383,0.09996446528413826,0.06057674371381439,0.039387721570323865,0.08475195545970164,0.29560832808700255,0.21161469298687435,0.0839936351001282,0.16848395215915052,-0.11834936928887,-0.06680699016615624,-0.051542379122713755,-0.11249626183764272,0.07356171147184787
0.3100000000000002,0.24999229703629827,0.16142071297198085,0.08857158406431742,0.18173786582459006,-0.19836746749036882,-0.12843577160990885,-0.06993169588045997,-0.15419424561016026,0.19998988434243103,0.1301463211605155,0.06984356318191554,0.14273501879697342,-0.21972806939956546,-0.14266107241373518,-0.07706699698583028,-0.1542835396714609,0.09996446528413826,0.062348227074299045,0.03761623820983921,0.07877544314064773,0.29560832808700255,0.2115388665466109,0.08406946154039166,0.1679872702002564,-0.11834936928887,-0.06949258574096935,-0.04885678354790064,-0.10308475824542751,0.07019986724925116
0.32000000000000023,0.24999229703629827,0.16303882961205138,0.0869534674242469,0.17714316812863484,-0.19836746749036882,-0.13280521220087374,-0.06556225528949508,-0.13986339176091994,0.19998988434243103,0.1312080452710593,0.06878183907137173,0.13968712636383107,-0.21972806939956546,-0.14271317488505647,-0.07701489451450899,-0.15413399397166055,0.09996446528413826,0.06374424874820593,0.036220216535932326,0.07523247641967842,0.29560832808700255,0.21151049187144683,0.08409783621555572,0.16813892308078332,-0.11834936928887,-0.07197133271595028,-0.04637803657291971,-0.09771356709580128,0.06799376048723639
0.33000000000000024,0.24999229703629827,0.16417361392001878,0.08581868311627949,0.1739069348484938,-0.19836746749036882,-0.13451481838305038,-0.06385264910731844,-0.13112451057899016,0.19998988434243103,0.13194040617079625,0.06804947817163479,0.13756367814274345,-0.21972806939956546,-0.1428455747954752,-0.07688249460409027,-0.15402978902901798,0.09996446528413826,0.06471538801530803,0.035249077268830226,0.07244043307186465,0.29560832808700255,0.21139595209447712,0.08421237599252543,0.16819567243111144,-0.11834936928887,-0.07383801947692173,-0.044511349811948264,-0.09275607314583942,0.06642979223200435
0.34000000000000025,0.24999229703629827,0.16494212247000398,0.0850501745662943,0.17163736623255899,-0.19836746749036882,-0.134678374325886,-0.06368909316448282,-0.1277052982146369,0.19998988434243103,0.1324109270589268,0.06757895728350424,0.13609895634326957,-0.21972806939956546,-0.143367238730698,-0.07636083066886745,-0.15376498920818055,0.09996446528413826,0.06534940968623601,0.03461505559790225,0.07049815453766045,0.29560832808700255,0.21147180326603926,0.08413652482096329,0.16842475198505086,-0.11834936928887,-0.07518186199387757,-0.04316750729499243,-0.08902269962389653,0.06551087258180384
0.35000000000000026,0.24999229703629827,0.16546099081930968,0.0845313062169886,0.1701003491325886,-0.19836746749036882,-0.13424963499531245,-0.06411783249505637,-0.12737818632896564,0.19998988434243103,0.13271114929039035,0.06727873505204068,0.13515791456700849,-0.21972806939956546,-0.144044253559599,-0.07568381583996647,-0.1527216613377349,0.09996446528413826,0.06575899722707358,0.034205468057064675,0.0692301111958045,0.29560832808700255,0.2116913886532817,0.08391693943372086,0.16827304964192658,-0.11834936928887,-0.0761301367875328,-0.04221923250133719,-0.08633501458998485,0.06494259191385811
0.36000000000000026,0.24999229703629827,0.1658155100682262,0.08417678696807207,0.1690626124339772,-0.19836746749036882,-0.13368084020045684,-0.06468662728991198,-0.12823566499011274,0.19998988434243103,0.13290669435887986,0.06708318998355117,0.13455747010408137,-0.21972806939956546,-0.14467451013020718,-0.07505355926935828,-0.15136763167993295,0.09996446528413826,0.06602849288021351,0.03393597240392475,0.06841093611412935,0.29560832808700255,0.21198497545539427,0.08362335263160828,0.16783387886744172,-0.11834936928887,-0.0767877521841646,-0.04156161710470539,-0.08443846500267438,0.06456476137088213
0.3700000000000003,0.24999229703629827,0.16606094844587976,0.08393134859041851,0.16835357393614414,-0.19836746749036882,-0.1331719777869075,-0.06519548970346131,-0.12937325457982396,0.19998988434243103,0.13303736831785917,0.06695251602457186,0.13416637996710234,-0.21972806939956546,-0.14518086651998555,-0.07454720287957992,-0.15010711853871656,0.09996446528413826,0.06620995561880882,0.03375450966532943,0.0678719448078495,0.29560832808700255,0.21229808285542712,0.08331024523157543,0.16724670526321656,-0.11834936928887,-0.07723727658280488,-0.04111209270606511,-0.08312323420941078,0.06430301509301885
0.3800000000000003,0.24999229703629827,0.1662330017392772,0.08375929529702109,0.16786269718083702,-0.19836746749036882,-0.13278774229658402,-0.0655797251937848,-0.13039097940692262,0.19998988434243103,0.13312705836616162,0.06686282597626941,0.13390503204914372,-0.21972806939956546,-0.14555261590840027,-0.0741754534911652,-0.14909440575915983,0.09996446528413826,0.06633506358310387,0.033629401701034387,0.06750901933065886,0.29560832808700255,0.21259318122216506,0.08301514686483749,0.16662049046315086,-0.11834936928887,-0.07754101570154966,-0.04080835358732034,-0.08222418541213022,0.0641147721144288
0.3900000000000003,0.24999229703629827,0.1663548826774467,0.08363741435885158,0.16751859059404217,-0.19836746749036882,-0.1325282852487643,-0.06583918224160451,-0.1311594503875696,0.19998988434243103,0.13319010149413166,0.06679978284829938,0.13372565195253883,-0.21972806939956546,-0.1458082720175855,-0.07391979738197996,-0.1483509069823304,0.09996446528413826,0.06642313006079077,0.033541335223347485,0.06725880340206877,0.29560832808700255,0.21284802743716005,0.0827603006498425,0.16603029372967498,-0.11834936928887,-0.07774448785286579,-0.0406048814360042,-0.08161670717464067,0.0639757431587761
0.4000000000000003,0.24999229703629827,0.16644189350008423,0.08355040353621404,0.16727482871770316,-0.19836746749036882,-0.1323689653452325,-0.06599850214513633,-0.13167836448320902,0.19998988434243103,0.13323522045209524,0.0667546638903358,0.13359956569659875,-0.21972806939956546,-0.1459750797653129,-0.07375298963425256,-0.14783959476395991,0.09996446528413826,0.0664861019976434,0.03347836328649485,0.06708267044669497,0.29560832808700255,0.2130530159220716,0.08255531216493095,0.165520601299685,-0.11834936928887,-0.07788000897506218,-0.04046936031380781,-0.0812097628720084,0.06387181344856137
0.4100000000000003,0.24999229703629827,0.16650431111613653,0.08348798592016174,0.16710080707242808,-0.19836746749036882,-0.13228046005969613,-0.0660870074306727,-0.13199700429027267,0.19998988434243103,0.133267874658544,0.06672200968388703,0.1335093277806716,-0.21972806939956546,-0.14607910261827295,-0.07364896678129251,-0.14750597926850512,0.09996446528413826,0.06653157237421128,0.03343289290992697,0.0669567265729897,0.29560832808700255,0.21320798918664455,0.082400338900358,0.1651106243298619,-0.11834936928887,-0.07796995700804234,-0.040379412280827656,-0.08093872062761562,0.06379422785302462
0.4200000000000003,0.24999229703629827,0.1665491828785417,0.08344311415775657,0.16697597184032348,-0.19836746749036882,-0.13223741017297228,-0.06613005731739655,-0.1321740148613454,0.19998988434243103,0.13329162161981212,0.06669826272261892,0.13344401936777406,-0.21972806939956546,-0.1461414062632243,-0.07358666313634116,-0.14729793356258503,0.09996446528413826,0.06656454596599663,0.033399919318141624,0.06686578581985395,0.29560832808700255,0.21331881244164844,0.08228951564535411,0.164800677800716,-0.11834936928887,-0.07802953212914163,-0.04031983715972837,-0.08075882456165531,0.06373694484387522
0.4300000000000003,0.24999229703629827,0.16658143944328424,0.08341085759301403,0.16688622831551314,-0.19836746749036882,-0.13222096970870442,-0.0661464977816644,-0.1322601146347931,0.19998988434243103,0.13330888618955417,0.06668099815287687,0.13339652544523783,-0.21972806939956546,-0.14617740008347502,-0.07355066931609044,-0.14717332627268231,0.09996446528413826,0.06658845382863916,0.033376011455499094,0.06679983863628325,0.29560832808700255,0.21339420573118648,0.08221412235581607,0.16457903129070822,-0.11834936928887,-0.07806893235912878,-0.04028043692974122,-0.08063967431945673,0.06369533849390532
0.44000000000000034,0.24999229703629827,0.16660458886984317,0.0833877081664551,0.16682171518602806,-0.19836746749036882,-0.13221851433114673,-0.06614895315922209,-0.1322929955633288,0.19998988434243103,0.1333213895448974,0.06666849479753365,0.13336199630575374,-0.21972806939956546,-0.14619757089595978,-0.07353049850360568,-0.1471013386321809,0.09996446528413826,0.0666057315422619,0.033358733741876354,0.06675202291099819,0.29560832808700255,0.21344329722697497,0.08216503086002758,0.16442824471163214,-0.11834936928887,-0.07809495768040316,-0.040254411608466836,-0.08056087385948243,0.06366565622638601
0.45000000000000034,0.24999229703629827,0.16662115734755184,0.08337113968874643,0.1667754163329102,-0.19836746749036882,-0.13222231288981023,-0.06614515460055859,-0.13229790631844418,0.19998988434243103,0.13333038988145482,0.06665949446097622,0.1333369895950673,-0.21972806939956546,-0.1462086441766005,-0.07351942522296495,-0.14706099700721137,0.09996446528413826,0.0666181523236918,0.03334631296044646,0.06671746748375271,0.29560832808700255,0.2134741122830036,0.08213421580399896,0.16433006172005515,-0.11834936928887,-0.07811213155806561,-0.040237237730804384,-0.08050882321693367,0.06364483297674103
0.46000000000000035,0.24999229703629827,0.16663297694610352,0.08335932009019476,0.16674227937749286,-0.19836746749036882,-0.13222805813895724,-0.06613940935141158,-0.13229030920111717,0.19998988434243103,0.13333682218874318,0.06665306215368785,0.13331898892195243,-0.21972806939956546,-0.14621470819620117,-0.0735133612033643,-0.1470388504459299,0.09996446528413826,0.06662702579371763,0.03333743949042063,0.06669262592089292,0.29560832808700255,0.21349292443243567,0.08211540365456688,0.16426843160799792,-0.11834936928887,-0.07812345936681031,-0.04022590992205968,-0.08047447546160877,0.06363042578121371
0.47000000000000036,0.24999229703629827,0.16664137991108044,0.08335091712521783,0.1667186401803895,-0.19836746749036882,-0.13223362884999568,-0.06613383864037314,-0.13227881870282315,0.19998988434243103,0.13334138488738656,0.06664849945504447,0.1333061243073757,-0.21972806939956546,-0.14621812232624234,-0.07350994707332312,-0.1470267224067286,0.09996446528413826,0.06663332381233171,0.03333114147180655,0.06667487898084126,0.29560832808700255,0.2135042165933862,0.08210411149361635,0.16423080730913375,-0.11834936928887,-0.07813093415140047,-0.04021843513746952,-0.08045181984411937,0.06362055798081509
0.48000000000000037,0.24999229703629827,0.16664733430942483,0.08334496272687344,0.16670183425043567,-0.19836746749036882,-0.13223818185068895,-0.06612928563967987,-0.1322676772807463,0.19998988434243103,0.13334459819053948,0.06664528615189155,0.13329699891008895,-0.21972806939956546,-0.14622017754114672,-0.07350789185841874,-0.14701989414664624,0.09996446528413826,0.06663776600152259,0.03332669928261567,0.0666622829436131,0.29560832808700255,0.21351096780877055,0.082097360278232,0.1642082229872327,-0.11834936928887,-0.07813587367101765,-0.04021349561785234,-0.08043687027493904,0.06361384148526443
0.4900000000000004,0.24999229703629827,0.16665154139007066,0.08334075564622762,0.1666899254537469,-0.19836746749036882,-0.13224154816555014,-0.06612591932481868,-0.13225857127935975,0.19998988434243103,0.13334684654320633,0.0666430377992247,0.1332905723037831,-0.21972806939956546,-0.1462215412662507,-0.07350652813331476,-0.1470157837168375,0.09996446528413826,0.06664088168524081,0.03332358359889745,0.06665339856523134,0.29560832808700255,0.21351504327158213,0.08209328481542041,0.164194720556464,-0.11834936928887,-0.0781391460290432,-0.04021022325982679,-0.08042699123570468,0.06360928307936622
0.5000000000000003,0.24999229703629827,0.16665450681222876,0.08333779022406951,0.16668151129245523,-0.19836746749036882,-0.13224386451143685,-0.06612360297893197,-0.13225183864963735,0.19998988434243103,0.1333484110927254,0.06664147324970562,0.1332860755984494,-0.21972806939956546,-0.14622253822229622,-0.07350553117726924,-0.14701305626662953,0.09996446528413826,0.0666430567033889,0.03332140858074936,0.0666471671977949,0.29560832808700255,0.2135175566866144,0.08209077140038815,0.16418656963084083,-0.11834936928887,-0.07814132118816777,-0.04020804810070222,-0.08042044651965358,0.0636061903682472
0.5100000000000003,0.24999229703629827,0.1666565932907803,0.08333570374551796,0.16667558044813902,-0.19836746749036882,-0.13224536806559054,-0.06612209942477829,-0.13224720595786393,0.19998988434243103,0.13334949509611993,0.0666403892463111,0.13328294649941125,-0.21972806939956546,-0.1462233172022166,-0.07350475219734887,-0.14701106235453848,0.09996446528413826,0.06664456950161282,0.033319895782525435,0.06664281716149872,0.29560832808700255,0.21351915093926396,0.08208917714773858,0.1641815428007763,-0.11834936928887,-0.07814277256799318,-0.040206596720876814,-0.08041609620140444,0.0636040893874023
0.5200000000000004,0.24999229703629827,0.16665805961706762,0.08333423741923066,0.16667140749103593,-0.19836746749036882,-0.1322462949790318,-0.06612117251133703,-0.13224419884955657,0.19998988434243103,0.13335024383106886,0.06663964051136217,0.1332807784926222,-0.21972806939956546,-0.14622394395401309,-0.07350412544555238,-0.14700950439469773,0.09996446528413826,0.06664561902180516,0.0333188462623331,0.06663979156505087,0.29560832808700255,0.21352019097823882,0.08208813710876373,0.16417835429547717,-0.11834936928887,-0.07814374476472552,-0.04020562452414447,-0.08041319344175363,0.06360265918072815
0.5300000000000004,0.24999229703629827,0.1666590895088203,0.08333320752747797,0.1666684748384613,-0.19836746749036882,-0.13224683940460288,-0.06612062808576594,-0.13224234502267407,0.19998988434243103,0.13335076003435598,0.06663912430807506,0.13327928102272435,-0.21972806939956546,-0.14622444919990804,-0.07350362019965742,-0.14700825089110475,0.09996446528413826,0.06664634608023401,0.03331811920390425,0.0666376925246662,0.29560832808700255,0.21352088489391663,0.08208744319308592,0.16417627421752745,-0.11834936928887,-0.0781443982998268,-0.04020497098904319,-0.08041124904828895,0.06360168339753193
0.5400000000000004,0.24999229703629827,0.16665981281497672,0.08333248422132156,0.16666641505495594,-0.19836746749036882,-0.13224714444582827,-0.06612032304454055,-0.13224125617153187,0.19998988434243103,0.13335111567679792,0.06663876866563312,0.13327824861615012,-0.21972806939956546,-0.14622485117025918,-0.07350321822930628,-0.14700724039931484,0.09996446528413826,0.06664684953136166,0.0333176157527766,0.0666362384078085,0.29560832808700255,0.21352135458365976,0.08208697350334279,0.16417488638617184,-0.11834936928887,-0.07814483892354192,-0.040204530365328076,-0.08040994197808637,0.0636010162152871
0.5500000000000004,0.24999229703629827,0.16666032098130437,0.0833319760549939,0.1666649684426431,-0.19836746749036882,-0.13224730763345885,-0.06612015985690997,-0.1322406460890811,0.19998988434243103,0.13335136077907886,0.06663852356335218,0.13327753733126624,-0.21972806939956546,-0.14622516472770325,-0.07350290467186221,-0.14700643645861255,0.09996446528413826,0.0666471982967509,0.03331726698738735,0.0666352315055532,0.29560832808700255,0.21352167467296979,0.08208665341403276,0.16417394700668558,-0.11834936928887,-0.07814513666433436,-0.04020423262453564,-0.08040906073065615,0.06360055911174985
0.5600000000000004,0.24999229703629827,0.16666067823548525,0.08333161880081302,0.1666639521099878,-0.19836746749036882,-0.1322473912610305,-0.06612007622933833,-0.13224031971381994,0.19998988434243103,0.13335152989103052,0.06663835445140051,0.13327704712670435,-0.21972806939956546,-0.14622540411055893,-0.07350266528900654,-0.14700580934372443,0.09996446528413826,0.0666474401734972,0.03331702511064105,0.0666345339747747,0.29560832808700255,0.21352189311596795,0.0820864349710346,0.16417330682806552,-0.11834936928887,-0.07814533816171684,-0.04020403112715315,-0.08040846524907128,0.06360024531043915
0.5700000000000004,0.24999229703629827,0.16666092960935683,0.08333136742694144,0.16666323760162605,-0.19836746749036882,-0.1322474328015012,-0.06612003468886762,-0.13224015245867665,0.19998988434243103,0.13335164677152012,0.06663823757091092,0.13327670890280102,-0.21972806939956546,-0.14622558308598788,-0.07350248631357759,-0.14700533057801307,0.09996446528413826,0.06664760818635686,0.0333168570977814,0.0666340502212821,0.29560832808700255,0.2135220419624034,0.08208628612459914,0.1641728699420692,-0.11834936928887,-0.07814547464953014,-0.04020389463933985,-0.0804080622543063,0.06360002942562674
0.5800000000000004,0.24999229703629827,0.1666611066487217,0.08333119038757658,0.1666627348538829,-0.19836746749036882,-0.13224745347236555,-0.06612001401800327,-0.13224006937773525,0.19998988434243103,0.1333517277160991,0.06663815662633193,0.13327647514182184,-0.21972806939956546,-0.14622571436536652,-0.07350235503419894,-0.14700497262715517,0.09996446528413826,0.06664772510548052,0.03331674017865774,0.0666337141955628,0.29560832808700255,0.21352214313700893,0.08208618494999362,0.1641725722491983,-0.11834936928887,-0.07814556714308975,-0.040203802145780246,-0.0804077892786797,0.06359988055171685
0.5900000000000004,0.24999229703629827,0.16666123145038692,0.08333106558591136,0.16666238077515316,-0.19836746749036882,-0.132247464513926,-0.06612000297644283,-0.13224002803600654,0.19998988434243103,0.13335178389117594,0.0666381004512551,0.13327631325266387,-0.21972806939956546,-0.14622580905875895,-0.07350226034080651,-0.14700471006839788,0.09996446528413826,0.06664780662110642,0.03331665866303184,0.06663348035731548,0.29560832808700255,0.21352221176344108,0.08208611632356147,0.16417236989998724,-0.11834936928887,-0.07814562983262395,-0.04020373945624604,-0.08040760429156049,0.06359977762007749
0.6000000000000004,0.24999229703629827,0.16666131950116997,0.0833309775351283,0.1666621311718227,-0.19836746749036882,-0.1322474714249699,-0.06611999606539892,-0.13224000595288565,0.19998988434243103,0.1333518229529187,0.06663806138951234,0.1332762009025102,-0.21972806939956546,-0.14622587640180815,-0.07350219299775732,-0.14700452068161302,0.09996446528413826,0.06664786355242443,0.03331660173171383,0.06663331732606367,0.29560832808700255,0.2135222582573499,0.08208606982965264,0.16417223264712294,-0.11834936928887,-0.07814567232234063,-0.04020369696652937,-0.08040747891249209,0.06359970625675074
0.6100000000000004,0.24999229703629827,0.16666138166642244,0.08333091536987583,0.1666619550702566,-0.19836746749036882,-0.1322474766264809,-0.06611999086388792,-0.13223999213079785,0.19998988434243103,0.13335185016018225,0.06663803418224878,0.13327612277902467,-0.21972806939956546,-0.1462259237493627,-0.07350214565020277,-0.14700438599551463,0.09996446528413826,0.06664790337267089,0.03331656191146737,0.06663320346342766,0.29560832808700255,0.2135222897480326,0.08208603833896994,0.16417213965930527,-0.11834936928887,-0.07814570112084815,-0.040203668168021844,-0.08040739393305874,0.06359965664509895
0.6200000000000004,0.24999229703629827,0.16666142557923164,0.08333087145706664,0.16666183073975166,-0.19836746749036882,-0.13224748102739026,-0.06611998646297856,-0.13223998172777585,0.19998988434243103,0.13335186913479458,0.06663801520763646,0.13327606836449757,-0.21972806939956546,-0.14622595675078542,-0.07350211264878004,-0.14700429130040554,0.09996446528413826,0.0666479312564832,0.033316534027655054,0.06663312382293474,0.29560832808700255,0.21352231108293027,0.08208601700407228,0.16417207667793987,-0.11834936928887,-0.07814572064095322,-0.04020364864791677,-0.08040733633604369,0.0635996220692392
0.6300000000000004,0.24999229703629827,0.1666614566097022,0.08333084042659608,0.16666174291413327,-0.19836746749036882,-0.13224748488024268,-0.06611998261012614,-0.13223997292595713,0.19998988434243103,0.13335188237899903,0.066638001963432,0.13327603041527292,-0.21972806939956546,-0.14622597961642525,-0.07350208978314021,-0.14700422529756008,0.09996446528413826,0.0666479507969707,0.03331651448716756,0.06663306805531011,0.29560832808700255,0.2135223255422661,0.08208600254473644,0.16417203400814456,-0.11834936928887,-0.0781457338743177,-0.0402036354145523,-0.08040729729583354,0.06359959792230083
0.6400000000000005,0.24999229703629827,0.1666614785411961,0.08333081849510218,0.16666168085319216,-0.19836746749036882,-0.13224748820894053,-0.06611997928142829,-0.13223996522025228,0.19998988434243103,0.133351891627167,0.06663799271526402,0.133276003926864,-0.21972806939956546,-0.1462259954065438,-0.07350207399302167,-0.14700417956628042,0.09996446528413826,0.06664796449622847,0.03331650078790979,0.06663302897433512,0.29560832808700255,0.21352233534146775,0.0820859927455348,0.16417200508947288,-0.11834936928887,-0.07814574284846539,-0.04020362644040461,-0.0804072708291046,0.06359958103282153
0.6500000000000005,0.24999229703629827,0.16666149404254968,0.08333080299374859,0.16666163699020436,-0.19836746749036882,-0.132247490996915,-0.06611997649345383,-0.13223995856285659,0.19998988434243103,0.13335189808508532,0.06663798625734571,0.13327598543052804,-0.21972806939956546,-0.14622600630036478,-0.07350206309920068,-0.14700414798604333,0.09996446528413826,0.06664797410123104,0.03331649118290722,0.06663300157581958,0.29560832808700255,0.21352234197793135,0.0820859861090712,0.1641719854910696,-0.11834936928887,-0.07814574893696352,-0.04020362035190647,-0.08040725288080922,0.06359956920838077
0.6600000000000005,0.24999229703629827,0.16666150499835555,0.08333079203794272,0.16666160598749719,-0.19836746749036882,-0.13224749325242746,-0.06611997423794136,-0.13223995298690766,0.19998988434243103,0.13335190259320678,0.06663798174922425,0.13327597251469142,-0.21972806939956546,-0.14622601382464234,-0.07350205557492312,-0.14700412619840136,0.09996446528413826,0.06664798083445062,0.03331648444968764,0.06663298236581444,0.29560832808700255,0.2135223464662489,0.08208598162075365,0.1641719722181424,-0.11834936928887,-0.07814575307006164,-0.04020361621880836,-0.08040724070381294,0.06359956092680481
0.6700000000000005,0.24999229703629827,0.16666151274044613,0.08333078429585214,0.16666158407588544,-0.19836746749036882,-0.1322474950181393,-0.06611997247222953,-0.13223994847588272,0.19998988434243103,0.13335190573848396,0.06663797860394707,0.1332759634984485,-0.21972806939956546,-0.14622601903591553,-0.07350205036364993,-0.14700411114984624,0.09996446528413826,0.06664798555278677,0.03331647973135149,0.06663296889937528,0.29560832808700255,0.21352234949589036,0.08208597859111219,0.1641719632415073,-0.11834936928887,-0.07814575587767601,-0.04020361341119398,-0.08040723243761672,0.06359955512704016
0.6800000000000005,0.24999229703629827,0.16666151821049485,0.08333077882580342,0.16666156859170428,-0.19836746749036882,-0.1322474963604338,-0.066119971129935,-0.13223994494445906,0.19998988434243103,0.13335190793135293,0.0666379764110781,0.13327595720789415,-0.21972806939956546,-0.1462260226591417,-0.07350204674042377,-0.14700410072729986,0.09996446528413826,0.06664798885756495,0.0333164764265733,0.06663295946270298,0.29560832808700255,0.21352235153640964,0.08208597655059291,0.16417195718222438,-0.11834936928887,-0.07814575778636726,-0.040203611502502734,-0.08040722682238796,0.06359955106704804
0.6900000000000005,0.24999229703629827,0.16666152207448015,0.08333077496181812,0.16666155765160684,-0.19836746749036882,-0.1322474973552224,-0.06611997013514642,-0.13223994225987,0.19998988434243103,0.13335190945899333,0.0666379748834377,0.1332759528221562,-0.21972806939956546,-0.14622602518936667,-0.07350204421019879,-0.14700409348084753,0.09996446528413826,0.06664799117100394,0.03331647411313432,0.0666329528531466,0.29560832808700255,0.21352235290779717,0.08208597517920538,0.16417195310118582,-0.11834936928887,-0.07814575908505177,-0.04020361020381823,-0.08040722300500547,0.06359954822670132
0.7000000000000005,0.24999229703629827,0.16666152480341828,0.08333077223287999,0.16666154992363624,-0.19836746749036882,-0.13224749807673705,-0.06611996941363177,-0.13223994027029284,0.19998988434243103,0.13335191052234835,0.06663797382008269,0.1332759497668754,-0.21972806939956546,-0.1462260269641715,-0.07350204243539396,-0.14700408842039758,0.09996446528413826,0.0666479927895886,0.03331647249454965,0.06663294822626864,0.29560832808700255,0.2135223538278685,0.08208597425913405,0.16417195035841076,-0.11834936928887,-0.07814575996949139,-0.04020360931937861,-0.08040722040763645,0.06359954624096556
0.7100000000000005,0.24999229703629827,0.16666152673039403,0.08333077030590424,0.16666154446575998,-0.19836746749036882,-0.13224749859078075,-0.06611996889958807,-0.13223993882726354,0.19998988434243103,0.1333519112619569,0.06663797308047414,0.13327594764016537,-0.21972806939956546,-0.14622602821414438,-0.07350204118542109,-0.14700408487078792,0.09996446528413826,0.06664799392144945,0.03331647136268881,0.0666329449890993,0.29560832808700255,0.21352235444448117,0.08208597364252138,0.1641719485182681,-0.11834936928887,-0.07814576057239765,-0.04020360871647234,-0.08040721863875722,0.06359954485357867
0.7200000000000005,0.24999229703629827,0.16666152809089452,0.08333076894540375,0.1666615406118085,-0.19836746749036882,-0.13224749895181143,-0.0661199685385574,-0.13223993779917614,0.19998988434243103,0.1333519117760328,0.06663797256639822,0.1332759461609483,-0.21972806939956546,-0.14622602909744678,-0.07350204030211868,-0.14700408237084217,0.09996446528413826,0.06664799471260718,0.03331647057153107,0.06663294272537762,0.29560832808700255,0.21352235485761734,0.08208597322938521,0.16417194728504275,-0.11834936928887,-0.07814576098379622,-0.040203608305073774,-0.08040721743294468,0.06359954388472429
0.7300000000000005,0.24999229703629827,0.16666152905135445,0.08333076798494382,0.1666615378908075,-0.19836746749036882,-0.13224749920264176,-0.06611996828772707,-0.1322399370771148,0.19998988434243103,0.1333519121331414,0.06663797220928963,0.13327594513279645,-0.21972806939956546,-0.14622602972320478,-0.07350203967636068,-0.14700408060423736,0.09996446528413826,0.06664799526542994,0.033316470018708313,0.06663294114306215,0.29560832808700255,0.21352235513459497,0.08208597295240758,0.16417194645877042,-0.11834936928887,-0.07814576126480172,-0.04020360802406828,-0.08040721661014755,0.0635995432083526
0.7400000000000005,0.24999229703629827,0.1666615297293653,0.08333076730693298,0.16666153596988764,-0.19836746749036882,-0.1322474993756103,-0.06611996811475851,-0.13223993657545413,0.19998988434243103,0.1333519123810958,0.06663797196133522,0.13327594441857926,-0.21972806939956546,-0.1462260301672264,-0.07350203923233906,-0.14700407935272136,0.09996446528413826,0.0666479956516234,0.03331646963251486,0.06663294003741663,0.29560832808700255,0.21352235532055436,0.08208597276644819,0.16417194590481515,-0.11834936928887,-0.07814576145693697,-0.040203607831933025,-0.08040721604813655,0.06359954273621506
0.7500000000000006,0.24999229703629827,0.1666615302079826,0.08333076682831567,0.16666153461386596,-0.19836746749036882,-0.13224749949437975,-0.06611996799598907,-0.13223993622951702,0.19998988434243103,0.13335191255320022,0.06663797178923081,0.13327594392267045,-0.21972806939956546,-0.14622603048253843,-0.07350203891702703,-0.1470040784646781,0.09996446528413826,0.06664799592137394,0.03331646936276432,0.06663293926502972,0.29560832808700255,0.21352235544566403,0.08208597264133852,0.16417194553289638,-0.11834936928887,-0.07814576158843947,-0.04020360770043052,-0.08040721566386605,0.06359954240660884
0.7600000000000006,0.24999229703629827,0.16666153054585262,0.08333076649044566,0.16666153365663133,-0.19836746749036882,-0.13224749957582999,-0.06611996791453884,-0.13223993599197814,0.19998988434243103,0.13335191267262833,0.0666379716698027,0.13327594357846162,-0.21972806939956546,-0.14622603070646634,-0.07350203869309913,-0.14700407783405406,0.09996446528413826,0.06664799610978045,0.03331646917435781,0.06663293872552864,0.29560832808700255,0.21352235553004426,0.08208597255695829,0.16417194528267703,-0.11834936928887,-0.07814576167853118,-0.04020360761033881,-0.08040721540086104,0.06359954217644227
0.7700000000000006,0.24999229703629827,0.16666153078437676,0.08333076625192151,0.1666615329808913,-0.19836746749036882,-0.13224749963176355,-0.06611996785860527,-0.13223993582907767,0.19998988434243103,0.13335191275548994,0.0666379715869411,0.1332759433396054,-0.21972806939956546,-0.14622603086541933,-0.07350203853414614,-0.14700407738619825,0.09996446528413826,0.06664799624137466,0.0333164690427636,0.06663293834871561,0.29560832808700255,0.2135223555871046,0.08208597249989794,0.16417194511391658,-0.11834936928887,-0.0781457617403105,-0.04020360754855949,-0.08040721522067762,0.06359954201564876
0.7800000000000006,0.24999229703629827,0.16666153095283795,0.08333076608346032,0.16666153250384302,-0.19836746749036882,-0.13224749967064697,-0.06611996781972185,-0.13223993571721054,0.19998988434243103,0.13335191281310135,0.06663797152932968,0.1332759431738822,-0.21972806939956546,-0.14622603097799652,-0.07350203842156894,-0.14700407706829227,0.09996446528413826,0.06664799633346907,0.033316468950669184,0.0666329380855272,0.29560832808700255,0.21352235562564673,0.08208597246135582,0.16417194499979587,-0.11834936928887,-0.07814576178265022,-0.04020360750621978,-0.08040721509711898,0.06359954190326216
0.7900000000000006,0.24999229703629827,0.16666153107168052,0.08333076596461775,0.16666153216692065,-0.19836746749036882,-0.13224749969715638,-0.06611996779321244,-0.1322399356394437,0.19998988434243103,0.13335191285284556,0.06663797148958547,0.13327594305865936,-0.21972806939956546,-0.14622603105792936,-0.0735020383416361,-0.14700407684313788,0.09996446528413826,0.0666479963974928,0.03331646888664545,0.06663293790133837,0.29560832808700255,0.2135223556520782,0.08208597243492435,0.16417194492271164,-0.11834936928887,-0.07814576181181472,-0.04020360747705527,-0.08040721501243955,0.06359954182461794
0.8000000000000006,0.24999229703629827,0.1666615311556231,0.08333076588067517,0.1666615319292355,-0.19836746749036882,-0.13224749971553904,-0.06611996777482979,-0.13223993558642488,0.19998988434243103,0.13335191288047823,0.0666379714619528,0.13327594297917095,-0.21972806939956546,-0.14622603111456328,-0.07350203828500218,-0.1470040766832722,0.09996446528413826,0.06664799644231399,0.033316468841824265,0.0666329377732909,0.29560832808700255,0.21352235567004313,0.08208597241695942,0.1641719448698487,-0.11834936928887,-0.07814576183187771,-0.04020360745699228,-0.08040721495411055,0.06359954176966813
0.8100000000000006,0.24999229703629827,0.16666153121491553,0.08333076582138274,0.16666153176135035,-0.19836746749036882,-0.13224749972848293,-0.06611996776188589,-0.13223993554965957,0.19998988434243103,0.1333519128996736,0.06663797144275743,0.1332759429239056,-0.21972806939956546,-0.14622603115456587,-0.0735020382449996,-0.14700407657000436,0.09996446528413826,0.06664799647367087,0.03331646881046739,0.06663293768364853,0.29560832808700255,0.21352235568222552,0.08208597240477702,0.16417194483391884,-0.11834936928887,-0.07814576184566577,-0.040203607443204226,-0.08040721491398456,0.06359954173117656
0.8200000000000006,0.24999229703629827,0.16666153125679478,0.08333076577950349,0.16666153164276548,-0.19836746749036882,-0.13224749973766087,-0.06611996775270795,-0.13223993552377178,0.19998988434243103,0.13335191291299575,0.06663797142943528,0.13327594288551486,-0.21972806939956546,-0.14622603118278057,-0.07350203821678489,-0.1470040764899992,0.09996446528413826,0.06664799649559372,0.03331646878854454,0.06663293762093478,0.29560832808700255,0.21352235569051561,0.08208597239648693,0.16417194480955405,-0.11834936928887,-0.07814576185514775,-0.04020360743372224,-0.08040721488640845,0.06359954170421062
0.8300000000000006,0.24999229703629827,0.1666615312863749,0.08333076574992337,0.16666153155900698,-0.19836746749036882,-0.1322474997441881,-0.06611996774618073,-0.1322399355054159,0.19998988434243103,0.1333519129222372,0.06663797142019384,0.13327594285887057,-0.21972806939956546,-0.14622603120266875,-0.07350203819689671,-0.14700407643356977,0.09996446528413826,0.06664799651091687,0.03331646877322139,0.06663293757708907,0.29560832808700255,0.2135223556961783,0.08208597239082424,0.16417194479297387,-0.11834936928887,-0.0781457618616759,-0.04020360742719409,-0.08040721486744448,0.06359954168531219
0.8400000000000006,0.24999229703629827,0.16666153130726824,0.08333076572903003,0.16666153149984675,-0.19836746749036882,-0.132247499748835,-0.06611996774153381,-0.13223993549236146,0.19998988434243103,0.13335191292864582,0.06663797141378522,0.13327594284038768,-0.21972806939956546,-0.14622603121668445,-0.07350203818288101,-0.14700407639379343,0.09996446528413826,0.06664799652162606,0.033316468762512194,0.06663293754644278,0.29560832808700255,0.21352235570005473,0.08208597238694781,0.16417194478164848,-0.11834936928887,-0.0781457618661755,-0.04020360742269449,-0.08040721485438818,0.06359954167206205
0.8500000000000006,0.24999229703629827,0.16666153132202627,0.083330765714272,0.16666153145806006,-0.19836746749036882,-0.13224749975214337,-0.06611996773822545,-0.13223993548306762,0.19998988434243103,0.13335191293308873,0.0666379714093423,0.13327594282757044,-0.21972806939956546,-0.1462260312265616,-0.07350203817300385,-0.14700407636576202,0.09996446528413826,0.06664799652911027,0.033316468755027986,0.06663293752502439,0.29560832808700255,0.21352235570270972,0.08208597238429283,0.16417194477389563,-0.11834936928887,-0.07814576186927996,-0.04020360741959003,-0.08040721484538899,0.06359954166276924
0.8600000000000007,0.24999229703629827,0.1666615313324508,0.08333076570384748,0.166661531428544,-0.19836746749036882,-0.1322474997544973,-0.06611996773587153,-0.1322399354764509,0.19998988434243103,0.13335191293616808,0.06663797140626296,0.1332759428186846,-0.21972806939956546,-0.14622603123352299,-0.07350203816604248,-0.1470040763460077,0.09996446528413826,0.06664799653434049,0.03331646874979777,0.06663293751005597,0.29560832808700255,0.21352235570452702,0.08208597238247553,0.16417194476858565,-0.11834936928887,-0.07814576187142365,-0.040203607417446344,-0.08040721483918006,0.06359954165625063
0.8700000000000007,0.24999229703629827,0.16666153133981443,0.08333076569648384,0.16666153140769496,-0.19836746749036882,-0.13224749975617056,-0.06611996773419826,-0.13223993547174306,0.19998988434243103,0.13335191293830168,0.06663797140412936,0.13327594281252592,-0.21972806939956546,-0.14622603123843025,-0.07350203816113521,-0.14700407633208495,0.09996446528413826,0.06664799653799541,0.033316468746142844,0.06663293749959553,0.29560832808700255,0.21352235570576958,0.08208597238123297,0.16417194476495106,-0.11834936928887,-0.07814576187290499,-0.040203607415965,-0.08040721483489269,0.06359954165167772
0.8800000000000007,0.24999229703629827,0.166661531345016,0.08333076569128228,0.1666615313929677,-0.19836746749036882,-0.13224749975735856,-0.06611996773301027,-0.13223993546839652,0.19998988434243103,0.13335191293977955,0.06663797140265149,0.13327594280825872,-0.21972806939956546,-0.14622603124189035,-0.07350203815767511,-0.14700407632227042,0.09996446528413826,0.06664799654054937,0.03331646874358889,0.06663293749228569,0.29560832808700255,0.2135223557066183,0.08208597238038426,0.16417194476246594,-0.11834936928887,-0.0781457618739293,-0.040203607414940695,-0.08040721483193,0.06359954164846965
0.8900000000000007,0.24999229703629827,0.16666153134869036,0.08333076568760792,0.16666153138256457,-0.19836746749036882,-0.13224749975820102,-0.0661199677321678,-0.13223993546602053,0.19998988434243103,0.13335191294080287,0.06663797140162817,0.13327594280530297,-0.21972806939956546,-0.14622603124433062,-0.07350203815523484,-0.14700407631535023,0.09996446528413826,0.06664799654233389,0.03331646874180437,0.06663293748717777,0.29560832808700255,0.21352235570719758,0.08208597237980497,0.16417194476076852,-0.11834936928887,-0.07814576187463802,-0.04020360741423197,-0.08040721482988139,0.06359954164621899
0.9000000000000007,0.24999229703629827,0.1666615313512859,0.08333076568501238,0.16666153137521583,-0.19836746749036882,-0.1322474997587977,-0.06611996773157111,-0.1322399354643356,0.19998988434243103,0.13335191294151116,0.06663797140091987,0.13327594280325633,-0.21972806939956546,-0.1462260312460521,-0.07350203815351336,-0.1470040763104697,0.09996446528413826,0.06664799654358071,0.03331646874055755,0.06663293748360874,0.29560832808700255,0.213522355707593,0.08208597237940954,0.16417194475960994,-0.11834936928887,-0.07814576187512869,-0.04020360741374131,-0.08040721482846394,0.06359954164464
0.9100000000000007,0.24999229703629827,0.16666153135311945,0.08333076568317882,0.16666153137002476,-0.19836746749036882,-0.13224749975921984,-0.06611996773114898,-0.13223993546314222,0.19998988434243103,0.13335191294200127,0.06663797140042976,0.13327594280183974,-0.21972806939956546,-0.14622603124726677,-0.0735020381522987,-0.14700407630702672,0.09996446528413826,0.06664799654445179,0.03331646873968647,0.0666329374811151,0.29560832808700255,0.21352235570786307,0.08208597237913948,0.16417194475881908,-0.11834936928887,-0.07814576187546858,-0.04020360741340141,-0.08040721482748261,0.06359954164353217
0.9200000000000007,0.24999229703629827,0.16666153135441475,0.08333076568188352,0.16666153136635764,-0.19836746749036882,-0.13224749975951827,-0.06611996773085055,-0.13223993546229795,0.19998988434243103,0.13335191294234025,0.06663797140009078,0.13327594280085953,-0.21972806939956546,-0.14622603124812397,-0.07350203815144149,-0.1470040763045974,0.09996446528413826,0.06664799654506032,0.03331646873907794,0.06663293747937293,0.29560832808700255,0.21352235570804773,0.08208597237895482,0.16417194475827895,-0.11834936928887,-0.0781457618757042,-0.040203607413165796,-0.08040721482680283,0.06359954164275479
0.9300000000000007,0.24999229703629827,0.16666153135532977,0.0833307656809685,0.16666153136376705,-0.19836746749036882,-0.13224749975972908,-0.06611996773063974,-0.1322399354617011,0.19998988434243103,0.1333519129425746,0.06663797139985644,0.13327594280018157,-0.21972806939956546,-0.14622603124872904,-0.07350203815083642,-0.14700407630288298,0.09996446528413826,0.06664799654548541,0.03331646873865285,0.06663293747815588,0.29560832808700255,0.21352235570817413,0.08208597237882842,0.16417194475790964,-0.11834936928887,-0.07814576187586762,-0.04020360741300237,-0.08040721482633159,0.06359954164220928
0.9400000000000007,0.24999229703629827,0.1666615313559762,0.08333076568032208,0.166661531361937,-0.19836746749036882,-0.1322474997598779,-0.06611996773049092,-0.1322399354612795,0.19998988434243103,0.13335191294273657,0.06663797139969446,0.1332759427997129,-0.21972806939956546,-0.14622603124915617,-0.07350203815040929,-0.14700407630167284,0.09996446528413826,0.06664799654578234,0.03331646873835592,0.0666329374773057,0.29560832808700255,0.21352235570826072,0.08208597237874182,0.16417194475765684,-0.11834936928887,-0.07814576187598105,-0.04020360741288895,-0.08040721482600474,0.0635995416418264
0.9500000000000007,0.24999229703629827,0.16666153135643286,0.08333076567986542,0.16666153136064416,-0.19836746749036882,-0.13224749975998293,-0.06611996773038589,-0.13223993546098184,0.19998988434243103,0.13335191294284846,0.06663797139958258,0.13327594279938892,-0.21972806939956546,-0.1462260312494577,-0.07350203815010775,-0.14700407630081858,0.09996446528413826,0.06664799654598974,0.033316468738148516,0.06663293747671184,0.29560832808700255,0.2135223557083202,0.08208597237868234,0.16417194475748365,-0.11834936928887,-0.0781457618760598,-0.04020360741281019,-0.0804072148257779,0.06359954164155764
0.9600000000000007,0.24999229703629827,0.1666615313567555,0.08333076567954278,0.16666153135973083,-0.19836746749036882,-0.13224749976005704,-0.06611996773031178,-0.13223993546077178,0.19998988434243103,0.1333519129429257,0.06663797139950534,0.13327594279916516,-0.21972806939956546,-0.14622603124967057,-0.0735020381498949,-0.1470040763002155,0.09996446528413826,0.0666479965461346,0.03331646873800366,0.06663293747629703,0.29560832808700255,0.213522355708361,0.08208597237864154,0.16417194475736469,-0.11834936928887,-0.07814576187611455,-0.04020360741275544,-0.08040721482562038,0.06359954164136897
0.9700000000000008,0.24999229703629827,0.16666153135698344,0.08333076567931483,0.16666153135908557,-0.19836746749036882,-0.13224749976010933,-0.0661199677302595,-0.13223993546062357,0.19998988434243103,0.13335191294297905,0.06663797139945199,0.13327594279901067,-0.21972806939956546,-0.14622603124982086,-0.0735020381497446,-0.1470040762997898,0.09996446528413826,0.06664799654623577,0.03331646873790249,0.06663293747600732,0.29560832808700255,0.21352235570838904,0.08208597237861351,0.16417194475728308,-0.11834936928887,-0.0781457618761526,-0.04020360741271739,-0.08040721482551089,0.06359954164123649
0.9800000000000008,0.24999229703629827,0.16666153135714448,0.08333076567915379,0.16666153135862966,-0.19836746749036882,-0.13224749976014624,-0.06611996773022258,-0.132239935460519,0.19998988434243103,0.13335191294301585,0.06663797139941519,0.13327594279890398,-0.21972806939956546,-0.14622603124992697,-0.07350203814963849,-0.1470040762994892,0.09996446528413826,0.0666479965463064,0.03331646873783185,0.06663293747580498,0.29560832808700255,0.21352235570840833,0.08208597237859422,0.16417194475722702,-0.11834936928887,-0.07814576187617908,-0.04020360741269091,-0.08040721482543478,0.06359954164114348
0.9900000000000008,0.24999229703629827,0.16666153135725822,0.08333076567904005,0.16666153135830758,-0.19836746749036882,-0.13224749976017228,-0.06611996773019654,-0.13223993546044516,0.19998988434243103,0.13335191294304122,0.06663797139938982,0.13327594279883037,-0.21972806939956546,-0.1462260312500019,-0.07350203814956358,-0.14700407629927698,0.09996446528413826,0.06664799654635575,0.033316468737782504,0.0666329374756637,0.29560832808700255,0.21352235570842162,0.08208597237858092,0.16417194475718844,-0.11834936928887,-0.07814576187619748,-0.04020360741267251,-0.08040721482538182,0.06359954164107814
1.0000000000000007,0.24999229703629827,0.1666615313573386,0.08333076567895967,0.1666615313580801,-0.19836746749036882,-0.13224749976019068,-0.06611996773017814,-0.1322399354603931,0.19998988434243103,0.13335191294305868,0.06663797139937236,0.13327594279877963,-0.21972806939956546,-0.1462260312500548,-0.07350203814951067,-0.14700407629912715,0.09996446528413826,0.0666479965463902,0.03331646873774806,0.06663293747556501,0.29560832808700255,0.21352235570843087,0.08208597237857168,0.16417194475716185,-0.11834936928887,-0.07814576187621029,-0.0402036074126597,-0.08040721482534502,0.06359954164103228
1.0100000000000007,0.24999229703629827,0.16666153135739542,0.08333076567890285,0.16666153135791933,-0.19836746749036882,-0.13224749976020364,-0.06611996773016518,-0.13223993546035628,0.19998988434243103,0.13335191294307072,0.06663797139936031,0.13327594279874472,-0.21972806939956546,-0.14622603125009212,-0.07350203814947334,-0.14700407629902135,0.09996446528413826,0.06664799654641426,0.033316468737723995,0.06663293747549612,0.29560832808700255,0.21352235570843725,0.0820859723785653,0.16417194475714336,-0.11834936928887,-0.07814576187621922,-0.04020360741265078,-0.0804072148253194,0.06359954164100004
1.0200000000000007,0.24999229703629827,0.16666153135743556,0.08333076567886272,0.1666615313578057,-0.19836746749036882,-0.1322474997602128,-0.06611996773015602,-0.13223993546033036,0.19998988434243103,0.13335191294307905,0.06663797139935199,0.13327594279872063,-0.21972806939956546,-0.14622603125011846,-0.073502038149447,-0.14700407629894668,0.09996446528413826,0.06664799654643107,0.03331646873770719,0.06663293747544799,0.29560832808700255,0.21352235570844164,0.08208597237856091,0.1641719447571306,-0.11834936928887,-0.07814576187622543,-0.04020360741264456,-0.08040721482530155,0.06359954164097739
1.0300000000000007,0.24999229703629827,0.1666615313574639,0.08333076567883438,0.16666153135772543,-0.19836746749036882,-0.1322474997602193,-0.06611996773014953,-0.13223993546031204,0.19998988434243103,0.1333519129430848,0.06663797139934624,0.13327594279870397,-0.21972806939956546,-0.14622603125013706,-0.0735020381494284,-0.147004076298894,0.09996446528413826,0.0666479965464428,0.03331646873769546,0.06663293747541438,0.29560832808700255,0.21352235570844466,0.08208597237855789,0.16417194475712182,-0.11834936928887,-0.07814576187622978,-0.040203607412640216,-0.08040721482528912,0.06359954164096149
1.0400000000000007,0.24999229703629827,0.1666615313574839,0.08333076567881437,0.16666153135766876,-0.19836746749036882,-0.1322474997602239,-0.06611996773014492,-0.13223993546029905,0.19998988434243103,0.13335191294308868,0.06663797139934236,0.13327594279869248,-0.21972806939956546,-0.14622603125015016,-0.0735020381494153,-0.1470040762988568,0.09996446528413826,0.06664799654645098,0.033316468737687274,0.06663293747539092,0.29560832808700255,0.21352235570844677,0.08208597237855578,0.16417194475711577,-0.11834936928887,-0.07814576187623282,-0.04020360741263718,-0.08040721482528043,0.0635995416409503
1.0500000000000007,0.24999229703629827,0.16666153135749806,0.08333076567880021,0.16666153135762873,-0.19836746749036882,-0.13224749976022712,-0.0661199677301417,-0.13223993546028984,0.19998988434243103,0.13335191294309137,0.06663797139933966,0.1332759427986847,-0.21972806939956546,-0.14622603125015943,-0.07350203814940603,-0.1470040762988306,0.09996446528413826,0.0666479965464567,0.03331646873768156,0.06663293747537455,0.29560832808700255,0.21352235570844819,0.08208597237855436,0.16417194475711155,-0.11834936928887,-0.07814576187623493,-0.04020360741263507,-0.08040721482527435,0.06359954164094246
1.0600000000000007,0.24999229703629827,0.16666153135750805,0.08333076567879022,0.16666153135760042,-0.19836746749036882,-0.13224749976022943,-0.0661199677301394,-0.1322399354602834,0.19998988434243103,0.13335191294309323,0.0666379713993378,0.13327594279867933,-0.21972806939956546,-0.14622603125016598,-0.07350203814939948,-0.14700407629881207,0.09996446528413826,0.06664799654646068,0.033316468737677574,0.06663293747536311,0.29560832808700255,0.2135223557084491,0.08208597237855345,0.16417194475710872,-0.11834936928887,-0.0781457618762364,-0.040203607412633596,-0.08040721482527013,0.06359954164093694
1.0700000000000007,0.24999229703629827,0.1666615313575151,0.08333076567878317,0.16666153135758044,-0.19836746749036882,-0.13224749976023104,-0.06611996773013779,-0.1322399354602788,0.19998988434243103,0.1333519129430945,0.06663797139933653,0.1332759427986756,-0.21972806939956546,-0.14622603125017059,-0.07350203814939488,-0.14700407629879897,0.09996446528413826,0.06664799654646346,0.0333164687376748,0.06663293747535515,0.29560832808700255,0.2135223557084497,0.08208597237855284,0.1641719447571069,-0.11834936928887,-0.07814576187623744,-0.040203607412632555,-0.08040721482526719,0.06359954164093308
1.0800000000000007,0.24999229703629827,0.16666153135752013,0.08333076567877815,0.16666153135756634,-0.19836746749036882,-0.13224749976023217,-0.06611996773013665,-0.13223993546027557,0.19998988434243103,0.13335191294309542,0.06663797139933561,0.13327594279867305,-0.21972806939956546,-0.14622603125017386,-0.0735020381493916,-0.14700407629878975,0.09996446528413826,0.06664799654646542,0.03331646873767284,0.0666329374753496,0.29560832808700255,0.21352235570845018,0.08208597237855236,0.16417194475710567,-0.11834936928887,-0.07814576187623816,-0.040203607412631834,-0.08040721482526511,0.06359954164093036
1.0900000000000007,0.24999229703629827,0.16666153135752368,0.0833307656787746,0.1666615313575563,-0.19836746749036882,-0.132247499760233,-0.06611996773013581,-0.1322399354602733,0.19998988434243103,0.133351912943096,0.06663797139933503,0.13327594279867122,-0.21972806939956546,-0.14622603125017616,-0.0735020381493893,-0.1470040762987832,0.09996446528413826,0.06664799654646678,0.03331646873767148,0.06663293747534568,0.29560832808700255,0.2135223557084506,0.08208597237855195,0.16417194475710473,-0.11834936928887,-0.07814576187623866,-0.040203607412631334,-0.08040721482526367,0.06359954164092843
1.1000000000000008,0.24999229703629827,0.16666153135752615,0.08333076567877212,0.1666615313575492,-0.19836746749036882,-0.13224749976023356,-0.06611996773013526,-0.13223993546027163,0.19998988434243103,0.13335191294309642,0.06663797139933461,0.13327594279867006,-0.21972806939956546,-0.1462260312501778,-0.07350203814938766,-0.1470040762987786,0.09996446528413826,0.06664799654646772,0.03331646873767054,0.06663293747534296,0.29560832808700255,0.21352235570845082,0.08208597237855172,0.1641719447571039,-0.11834936928887,-0.07814576187623902,-0.04020360741263097,-0.08040721482526267,0.06359954164092708
1.1100000000000008,0.24999229703629827,0.16666153135752793,0.08333076567877035,0.16666153135754425,-0.19836746749036882,-0.13224749976023398,-0.06611996773013484,-0.13223993546027052,0.19998988434243103,0.1333519129430967,0.06663797139933433,0.13327594279866922,-0.21972806939956546,-0.14622603125017894,-0.07350203814938652,-0.14700407629877532,0.09996446528413826,0.06664799654646839,0.03331646873766987,0.06663293747534108,0.29560832808700255,0.21352235570845107,0.08208597237855147,0.16417194475710345,-0.11834936928887,-0.07814576187623926,-0.04020360741263074,-0.08040721482526195,0.06359954164092611
1.1200000000000008,0.24999229703629827,0.16666153135752917,0.0833307656787691,0.1666615313575407,-0.19836746749036882,-0.13224749976023426,-0.06611996773013457,-0.1322399354602697,0.19998988434243103,0.13335191294309687,0.06663797139933417,0.13327594279866867,-0.21972806939956546,-0.14622603125017977,-0.07350203814938569,-0.14700407629877305,0.09996446528413826,0.06664799654646886,0.0333164687376694,0.06663293747533974,0.29560832808700255,0.2135223557084512,0.08208597237855134,0.16417194475710295,-0.11834936928887,-0.07814576187623942,-0.04020360741263057,-0.08040721482526147,0.06359954164092545
1.1300000000000008,0.24999229703629827,0.16666153135753004,0.08333076567876824,0.1666615313575382,-0.19836746749036882,-0.13224749976023442,-0.0661199677301344,-0.13223993546026913,0.19998988434243103,0.133351912943097,0.06663797139933403,0.13327594279866833,-0.21972806939956546,-0.14622603125018035,-0.07350203814938511,-0.14700407629877138,0.09996446528413826,0.06664799654646916,0.033316468737669094,0.0666329374753388,0.29560832808700255,0.21352235570845124,0.08208597237855131,0.16417194475710267,-0.11834936928887,-0.07814576187623956,-0.04020360741263043,-0.08040721482526114,0.06359954164092499
1.1400000000000008,0.24999229703629827,0.16666153135753065,0.08333076567876763,0.16666153135753647,-0.19836746749036882,-0.13224749976023456,-0.06611996773013426,-0.1322399354602688,0.19998988434243103,0.13335191294309712,0.06663797139933392,0.13327594279866806,-0.21972806939956546,-0.14622603125018077,-0.07350203814938469,-0.14700407629877021,0.09996446528413826,0.06664799654646938,0.03331646873766887,0.06663293747533819,0.29560832808700255,0.21352235570845124,0.08208597237855131,0.16417194475710262,-0.11834936928887,-0.07814576187623963,-0.04020360741263036,-0.08040721482526086,0.06359954164092466
1.1500000000000008,0.24999229703629827,0.16666153135753106,0.08333076567876721,0.16666153135753525,-0.19836746749036882,-0.1322474997602347,-0.06611996773013412,-0.13223993546026852,0.19998988434243103,0.13335191294309712,0.06663797139933392,0.13327594279866783,-0.21972806939956546,-0.14622603125018105,-0.07350203814938441,-0.14700407629876938,0.09996446528413826,0.06664799654646954,0.03331646873766872,0.06663293747533774,0.29560832808700255,0.21352235570845124,0.08208597237855131,0.16417194475710262,-0.11834936928887,-0.0781457618762397,-0.04020360741263029,-0.08040721482526073,0.06359954164092443
1.1600000000000008,0.24999229703629827,0.16666153135753137,0.0833307656787669,0.16666153135753442,-0.19836746749036882,-0.13224749976023478,-0.06611996773013404,-0.13223993546026824,0.19998988434243103,0.13335191294309712,0.06663797139933392,0.13327594279866783,-0.21972806939956546,-0.14622603125018122,-0.07350203814938425,-0.14700407629876883,0.09996446528413826,0.06664799654646968,0.03331646873766858,0.06663293747533744,0.29560832808700255,0.21352235570845124,0.08208597237855131,0.16417194475710262,-0.11834936928887,-0.07814576187623977,-0.040203607412630224,-0.08040721482526059,0.06359954164092428
1.1700000000000008,0.24999229703629827,0.16666153135753164,0.08333076567876663,0.1666615313575338,-0.19836746749036882,-0.13224749976023478,-0.06611996773013404,-0.13223993546026808,0.19998988434243103,0.13335191294309712,0.06663797139933392,0.13327594279866783,-0.21972806939956546,-0.14622603125018135,-0.07350203814938411,-0.1470040762987685,0.09996446528413826,0.06664799654646975,0.03331646873766851,0.06663293747533716,0.29560832808700255,0.21352235570845124,0.08208597237855131,0.16417194475710262,-0.11834936928887,-0.07814576187623977,-0.040203607412630224,-0.08040721482526045,0.06359954164092417
1.1800000000000008,0.24999229703629827,0.16666153135753178,0.08333076567876649,0.16666153135753325,-0.19836746749036882,-0.13224749976023478,-0.06611996773013404,-0.13223993546026808,0.19998988434243103,0.13335191294309712,0.06663797139933392,0.13327594279866783,-0.21972806939956546,-0.1462260312501815,-0.07350203814938397,-0.14700407629876822,0.09996446528413826,0.06664799654646981,0.03331646873766844,0.06663293747533702,0.29560832808700255,0.21352235570845124,0.08208597237855131,0.16417194475710262,-0.11834936928887,-0.07814576187623977,-0.040203607412630224,-0.08040721482526045,0.0635995416409241
1.1900000000000008,0.24999229703629827,0.16666153135753192,0.08333076567876635,0.16666153135753298,-0.19836746749036882,-0.13224749976023478,-0.06611996773013404,-0.13223993546026808,0.19998988434243103,0.13335191294309712,0.06663797139933392,0.13327594279866783,-0.21972806939956546,-0.14622603125018158,-0.07350203814938389,-0.14700407629876794,0.09996446528413826,0.06664799654646983,0.03331646873766843,0.06663293747533688,0.29560832808700255,0.21352235570845124,0.08208597237855131,0.16417194475710262,-0.11834936928887,-0.07814576187623977,-0.040203607412630224,-0.08040721482526045,0.06359954164092406
1.2000000000000008,0.24999229703629827,0.166661531357532,0.08333076567876627,0.1666615313575327,-0.19836746749036882,-0.13224749976023478,-0.06611996773013404,-0.13223993546026808,0.19998988434243103,0.13335191294309712,0.06663797139933392,0.13327594279866783,-0.21972806939956546,-0.14622603125018158,-0.07350203814938389,-0.14700407629876777,0.09996446528413826,0.06664799654646983,0.03331646873766843,0.06663293747533686,0.29560832808700255,0.21352235570845116,0.08208597237855139,0.16417194475710262,-0.11834936928887,-0.07814576187623977,-0.040203607412630224,-0.08040721482526045,0.06359954164092403
1.2100000000000009,0.24999229703629827,0.166661531357532,0.08333076567876627,0.16666153135753253,-0.19836746749036882,-0.13224749976023478,-0.06611996773013404,-0.13223993546026808,0.19998988434243103,0.13335191294309712,0.06663797139933392,0.13327594279866783,-0.21972806939956546,-0.14622603125018158,-0.07350203814938389,-0.14700407629876777,0.09996446528413826,0.06664799654646983,0.03331646873766843,0.06663293747533686,0.29560832808700255,0.21352235570845116,0.08208597237855139,0.16417194475710278,-0.11834936928887,-0.07814576187623977,-0.040203607412630224,-0.08040721482526045,0.06359954164092402
1.2200000000000009,0.24999229703629827,0.166661531357532,0.08333076567876627,0.16666153135753253,-0.19836746749036882,-0.13224749976023478,-0.06611996773013404,-0.13223993546026808,0.19998988434243103,0.13335191294309712,0.06663797139933392,0.13327594279866783,-0.21972806939956546,-0.14622603125018158,-0.07350203814938389,-0.14700407629876777,0.09996446528413826,0.06664799654646983,0.03331646873766843,0.06663293747533686,0.29560832808700255,0.21352235570845116,0.08208597237855139,0.16417194475710278,-0.11834936928887,-0.07814576187623977,-0.040203607412630224,-0.08040721482526045,0.06359954164092402
1.2300000000000009,0.24999229703629827,0.166661531357532,0.08333076567876627,0.16666153135753253,-0.19836746749036882,-0.13224749976023478,-0.06611996773013404,-0.13223993546026808,0.19998988434243103,0.13335191294309712,0.06663797139933392,0.13327594279866783,-0.21972806939956546,-0.14622603125018158,-0.07350203814938389,-0.14700407629876777,0.09996446528413826,0.06664799654646983,0.03331646873766843,0.06663293747533686,0.29560832808700255,0.21352235570845116,0.08208597237855139,0.16417194475710278,-0.11834936928887,-0.07814576187623977,-0.040203607412630224,-0.08040721482526045,0.06359954164092402
1.2400000000000009,0.24999229703629827,0.166661531357532,0.08333076567876627,0.16666153135753253,-0.19836746749036882,-0.13224749976023478,-0.06611996773013404,-0.13223993546026808,0.19998988434243103,0.13335191294309712,0.06663797139933392,0.13327594279866783,-0.21972806939956546,-0.14622603125018158,-0.07350203814938389,-0.14700407629876777,0.09996446528413826,0.06664799654646983,0.03331646873766843,0.06663293747533686,0.29560832808700255,0.21352235570845116,0.08208597237855139,0.16417194475710278,-0.11834936928887,-0.07814576187623977,-0.040203607412630224,-0.08040721482526045,0.06359954164092402
1.2500000000000009,0.24999229703629827,0.166661531357532,0.08333076567876627,0.16666153135753253,-0.19836746749036882,-0.13224749976023478,-0.06611996773013404,-0.13223993546026808,0.19998988434243103,0.13335191294309712,0.06663797139933392,0.13327594279866783,-0.21972806939956546,-0.14622603125018158,-0.07350203814938389,-0.14700407629876777,0.09996446528413826,0.06664799654646983,0.03331646873766843,0.06663293747533686,0.29560832808700255,0.21352235570845116,0.08208597237855139,0.16417194475710278,-0.11834936928887,-0.07814576187623977,-0.040203607412630224,-0.08040721482526045,0.06359954164092402
1.260000000000001,0.24999229703629827,0.166661531357532,0.08333076567876627,0.16666153135753253,-0.19836746749036882,-0.13224749976023478,-0.06611996773013404,-0.13223993546026808,0.19998988434243103,0.13335191294309712,0.06663797139933392,0.13327594279866783,-0.21972806939956546,-0.14622603125018158,-0.07350203814938389,-0.14700407629876777,0.09996446528413826,0.06664799654646983,0.03331646873766843,0.06663293747533686,0.29560832808700255,0.21352235570845116,0.08208597237855139,0.16417194475710278,-0.11834936928887,-0.07814576187623977,-0.040203607412630224,-0.08040721482526045,0.06359954164092402
1.270000000000001,0.24999229703629827,0.166661531357532,0.08333076567876627,0.16666153135753253,-0.19836746749036882,-0.13224749976023478,-0.06611996773013404,-0.13223993546026808,0.19998988434243103,0.13335191294309712,0.06663797139933392,0.13327594279866783,-0.21972806939956546,-0.14622603125018158,-0.07350203814938389,-0.14700407629876777,0.09996446528413826,0.06664799654646983,0.03331646873766843,0.06663293747533686,0.29560832808700255,0.21352235570845116,0.08208597237855139,0.16417194475710278,-0.11834936928887,-0.07814576187623977,-0.040203607412630224,-0.08040721482526045,0.06359954164092402
1.280000000000001,0.24999229703629827,0.166661531357532,0.08333076567876627,0.16666153135753253,-0.19836746749036882,-0.13224749976023478,-0.06611996773013404,-0.13223993546026808,0.19998988434243103,0.13335191294309712,0.06663797139933392,0.13327594279866783,-0.21972806939956546,-0.14622603125018158,-0.07350203814938389,-0.14700407629876777,0.09996446528413826,0.06664799654646983,0.03331646873766843,0.06663293747533686,0.29560832808700255,0.21352235570845116,0.08208597237855139,0.16417194475710278,-0.11834936928887,-0.07814576187623977,-0.040203607412630224,-0.08040721482526045,0.06359954164092402
1.290000000000001,0.24999229703629827,0.166661531357532,0.08333076567876627,0.16666153135753253,-0.19836746749036882,-0.13224749976023478,-0.06611996773013404,-0.13223993546026808,0.19998988434243103,0.13335191294309712,0.06663797139933392,0.13327594279866783,-0.21972806939956546,-0.14622603125018158,-0.07350203814938389,-0.14700407629876777,0.09996446528413826,0.06664799654646983,0.03331646873766843,0.06663293747533686,0.29560832808700255,0.21352235570845116,0.08208597237855139,0.16417194475710278,-0.11834936928887,-0.07814576187623977,-0.040203607412630224,-0.08040721482526045,0.06359954164092402
1.300000000000001,0.24999229703629827,0.166661531357532,0.08333076567876627,0.16666153135753253,-0.19836746749036882,-0.13224749976023478,-0.06611996773013404,-0.13223993546026808,0.19998988434243103,0.13335191294309712,0.06663797139933392,0.13327594279866783,-0.21972806939956546,-0.14622603125018158,-0.07350203814938389,-0.14700407629876777,0.09996446528413826,0.06664799654646983,0.03331646873766843,0.06663293747533686,0.29560832808700255,0.21352235570845116,0.08208597237855139,0.16417194475710278,-0.11834936928887,-0.07814576187623977,-0.040203607412630224,-0.08040721482526045,0.06359954164092402
1.310000000000001,0.24999229703629827,0.166661531357532,0.08333076567876627,0.16666153135753253,-0.19836746749036882,-0.13224749976023478,-0.06611996773013404,-0.13223993546026808,0.19998988434243103,0.13335191294309712,0.06663797139933392,0.13327594279866783,-0.21972806939956546,-0.14622603125018158,-0.07350203814938389,-0.14700407629876777,0.09996446528413826,0.06664799654646983,0.03331646873766843,0.06663293747533686,0.29560832808700255,0.21352235570845116,0.08208597237855139,0.16417194475710278,-0.11834936928887,-0.07814576187623977,-0.040203607412630224,-0.08040721482526045,0.06359954164092402
1.320000000000001,0.24999229703629827,0.166661531357532,0.08333076567876627,0.16666153135753253,-0.19836746749036882,-0.13224749976023478,-0.06611996773013404,-0.13223993546026808,0.19998988434243103,0.13335191294309712,0.06663797139933392,0.13327594279866783,-0.21972806939956546,-0.14622603125018158,-0.07350203814938389,-0.14700407629876777,0.09996446528413826,0.06664799654646983,0.03331646873766843,0.06663293747533686,0.29560832808700255,0.21352235570845116,0.08208597237855139,0.16417194475710278,-0.11834936928887,-0.07814576187623977,-0.040203607412630224,-0.08040721482526045,0.06359954164092402
1.330000000000001,0.24999229703629827,0.166661531357532,0.08333076567876627,0.16666153135753253,-0.19836746749036882,-0.13224749976023478,-0.06611996773013404,-0.13223993546026808,0.19998988434243103,0.13335191294309712,0.06663797139933392,0.13327594279866783,-0.21972806939956546,-0.14622603125018158,-0.07350203814938389,-0.14700407629876777,0.09996446528413826,0.06664799654646983,0.03331646873766843,0.06663293747533686,0.29560832808700255,0.21352235570845116,0.08208597237855139,0.16417194475710278,-0.11834936928887,-0.07814576187623977,-0.040203607412630224,-0.08040721482526045,0.06359954164092402
1.340000000000001,0.24999229703629827,0.166661531357532,0.08333076567876627,0.16666153135753253,-0.19836746749036882,-0.13224749976023478,-0.06611996773013404,-0.13223993546026808,0.19998988434243103,0.13335191294309712,0.06663797139933392,0.13327594279866783,-0.21972806939956546,-0.14622603125018158,-0.07350203814938389,-0.14700407629876777,0.09996446528413826,0.06664799654646983,0.03331646873766843,0.06663293747533686,0.29560832808700255,0.21352235570845116,0.08208597237855139,0.16417194475710278,-0.11834936928887,-0.07814576187623977,-0.040203607412630224,-0.08040721482526045,0.06359954164092402
1.350000000000001,0.24999229703629827,0.166661531357532,0.08333076567876627,0.16666153135753253,-0.19836746749036882,-0.13224749976023478,-0.06611996773013404,-0.13223993546026808,0.19998988434243103,0.13335191294309712,0.06663797139933392,0.13327594279866783,-0.21972806939956546,-0.14622603125018158,-0.07350203814938389,-0.14700407629876777,0.09996446528413826,0.06664799654646983,0.03331646873766843,0.06663293747533686,0.29560832808700255,0.21352235570845116,0.08208597237855139,0.16417194475710278,-0.11834936928887,-0.07814576187623977,-0.040203607412630224,-0.08040721482526045,0.06359954164092402
1.360000000000001,0.24999229703629827,0.166661531357532,0.08333076567876627,0.16666153135753253,-0.19836746749036882,-0.13224749976023478,-0.06611996773013404,-0.13223993546026808,0.19998988434243103,0.13335191294309712,0.06663797139933392,0.13327594279866783,-0.21972806939956546,-0.14622603125018158,-0.07350203814938389,-0.14700407629876777,0.09996446528413826,0.06664799654646983,0.03331646873766843,0.06663293747533686,0.29560832808700255,0.21352235570845116,0.08208597237855139,0.16417194475710278,-0.11834936928887,-0.07814576187623977,-0.040203607412630224,-0.08040721482526045,0.06359954164092402
1.370000000000001,0.24999229703629827,0.166661531357532,0.08333076567876627,0.16666153135753253,-0.19836746749036882,-0.13224749976023478,-0.06611996773013404,-0.13223993546026808,0.19998988434243103,0.13335191294309712,0.06663797139933392,0.13327594279866783,-0.21972806939956546,-0.14622603125018158,-0.07350203814938389,-0.14700407629876777,0.09996446528413826,0.06664799654646983,0.03331646873766843,0.06663293747533686,0.29560832808700255,0.21352235570845116,0.08208597237855139,0.16417194475710278,-0.11834936928887,-0.07814576187623977,-0.040203607412630224,-0.08040721482526045,0.06359954164092402
1.380000000000001,0.24999229703629827,0.166661531357532,0.08333076567876627,0.16666153135753253,-0.19836746749036882,-0.13224749976023478,-0.06611996773013404,-0.13223993546026808,0.19998988434243103,0.13335191294309712,0.06663797139933392,0.13327594279866783,-0.21972806939956546,-0.14622603125018158,-0.07350203814938389,-0.14700407629876777,0.09996446528413826,0.06664799654646983,0.03331646873766843,0.06663293747533686,0.29560832808700255,0.21352235570845116,0.08208597237855139,0.16417194475710278,-0.11834936928887,-0.07814576187623977,-0.040203607412630224,-0.08040721482526045,0.06359954164092402
1.390000000000001,0.24999229703629827,0.166661531357532,0.08333076567876627,0.16666153135753253,-0.19836746749036882,-0.13224749976023478,-0.06611996773013404,-0.13223993546026808,0.19998988434243103,0.13335191294309712,0.06663797139933392,0.13327594279866783,-0.21972806939956546,-0.14622603125018158,-0.07350203814938389,-0.14700407629876777,0.09996446528413826,0.06664799654646983,0.03331646873766843,0.06663293747533686,0.29560832808700255,0.21352235570845116,0.08208597237855139,0.16417194475710278,-0.11834936928887,-0.07814576187623977,-0.040203607412630224,-0.08040721482526045,0.06359954164092402
1.400000000000001,0.24999229703629827,0.166661531357532,0.08333076567876627,0.16666153135753253,-0.19836746749036882,-0.13224749976023478,-0.06611996773013404,-0.13223993546026808,0.19998988434243103,0.13335191294309712,0.06663797139933392,0.13327594279866783,-0.21972806939956546,-0.14622603125018158,-0.07350203814938389,-0.14700407629876777,0.09996446528413826,0.06664799654646983,0.03331646873766843,0.06663293747533686,0.29560832808700255,0.21352235570845116,0.08208597237855139,0.16417194475710278,-0.11834936928887,-0.07814576187623977,-0.040203607412630224,-0.08040721482526045,0.06359954164092402
1.410000000000001,0.24999229703629827,0.166661531357532,0.08333076567876627,0.16666153135753253,-0.19836746749036882,-0.13224749976023478,-0.06611996773013404,-0.13223993546026808,0.19998988434243103,0.13335191294309712,0.06663797139933392,0.13327594279866783,-0.21972806939956546,-0.14622603125018158,-0.07350203814938389,-0.14700407629876777,0.09996446528413826,0.06664799654646983,0.03331646873766843,0.06663293747533686,0.29560832808700255,0.21352235570845116,0.08208597237855139,0.16417194475710278,-0.11834936928887,-0.07814576187623977,-0.040203607412630224,-0.08040721482526045,0.06359954164092402
1.420000000000001,0.24999229703629827,0.166661531357532,0.08333076567876627,0.16666153135753253,-0.19836746749036882,-0.13224749976023478,-0.06611996773013404,-0.13223993546026808,0.19998988434243103,0.13335191294309712,0.06663797139933392,0.13327594279866783,-0.21972806939956546,-0.14622603125018158,-0.07350203814938389,-0.14700407629876777,0.09996446528413826,0.06664799654646983,0.03331646873766843,0.06663293747533686,0.29560832808700255,0.21352235570845116,0.08208597237855139,0.16417194475710278,-0.11834936928887,-0.07814576187623977,-0.040203607412630224,-0.08040721482526045,0.06359954164092402
1.430000000000001,0.24999229703629827,0.166661531357532,0.08333076567876627,0.16666153135753253,-0.19836746749036882,-0.13224749976023478,-0.06611996773013404,-0.13223993546026808,0.19998988434243103,0.13335191294309712,0.06663797139933392,0.13327594279866783,-0.21972806939956546,-0.14622603125018158,-0.07350203814938389,-0.14700407629876777,0.09996446528413826,0.06664799654646983,0.03331646873766843,0.06663293747533686,0.29560832808700255,0.21352235570845116,0.08208597237855139,0.16417194475710278,-0.11834936928887,-0.07814576187623977,-0.040203607412630224,-0.08040721482526045,0.06359954164092402
1.440000000000001,0.24999229703629827,0.166661531357532,0.08333076567876627,0.16666153135753253,-0.19836746749036882,-0.13224749976023478,-0.06611996773013404,-0.13223993546026808,0.19998988434243103,0.13335191294309712,0.06663797139933392,0.13327594279866783,-0.21972806939956546,-0.14622603125018158,-0.07350203814938389,-0.14700407629876777,0.09996446528413826,0.06664799654646983,0.03331646873766843,0.06663293747533686,0.29560832808700255,0.21352235570845116,0.08208597237855139,0.16417194475710278,-0.11834936928887,-0.07814576187623977,-0.040203607412630224,-0.08040721482526045,0.06359954164092402
1.450000000000001,0.24999229703629827,0.166661531357532,0.08333076567876627,0.16666153135753253,-0.19836746749036882,-0.13224749976023478,-0.06611996773013404,-0.13223993546026808,0.19998988434243103,0.13335191294309712,0.06663797139933392,0.13327594279866783,-0.21972806939956546,-0.14622603125018158,-0.07350203814938389,-0.14700407629876777,0.09996446528413826,0.06664799654646983,0.03331646873766843,0.06663293747533686,0.29560832808700255,0.21352235570845116,0.08208597237855139,0.16417194475710278,-0.11834936928887,-0.07814576187623977,-0.040203607412630224,-0.08040721482526045,0.06359954164092402
1.460000000000001,0.24999229703629827,0.166661531357532,0.08333076567876627,0.16666153135753253,-0.19836746749036882,-0.13224749976023478,-0.06611996773013404,-0.13223993546026808,0.19998988434243103,0.13335191294309712,0.06663797139933392,0.13327594279866783,-0.21972806939956546,-0.14622603125018158,-0.07350203814938389,-0.14700407629876777,0.09996446528413826,0.06664799654646983,0.03331646873766843,0.06663293747533686,0.29560832808700255,0.21352235570845116,0.08208597237855139,0.16417194475710278,-0.11834936928887,-0.07814576187623977,-0.040203607412630224,-0.08040721482526045,0.06359954164092402
1.470000000000001,0.24999229703629827,0.166661531357532,0.08333076567876627,0.16666153135753253,-0.19836746749036882,-0.13224749976023478,-0.06611996773013404,-0.13223993546026808,0.19998988434243103,0.13335191294309712,0.06663797139933392,0.13327594279866783,-0.21972806939956546,-0.14622603125018158,-0.07350203814938389,-0.14700407629876777,0.09996446528413826,0.06664799654646983,0.03331646873766843,0.06663293747533686,0.29560832808700255,0.21352235570845116,0.08208597237855139,0.16417194475710278,-0.11834936928887,-0.07814576187623977,-0.040203607412630224,-0.08040721482526045,0.06359954164092402
1.480000000000001,0.24999229703629827,0.166661531357532,0.08333076567876627,0.16666153135753253,-0.19836746749036882,-0.13224749976023478,-0.06611996773013404,-0.13223993546026808,0.19998988434243103,0.13335191294309712,0.06663797139933392,0.13327594279866783,-0.21972806939956546,-0.14622603125018158,-0.07350203814938389,-0.14700407629876777,0.09996446528413826,0.06664799654646983,0.03331646873766843,0.06663293747533686,0.29560832808700255,0.21352235570845116,0.08208597237855139,0.16417194475710278,-0.11834936928887,-0.07814576187623977,-0.040203607412630224,-0.08040721482526045,0.06359954164092402
1.490000000000001,0.24999229703629827,0.166661531357532,0.08333076567876627,0.16666153135753253,-0.19836746749036882,-0.13224749976023478,-0.06611996773013404,-0.13223993546026808,0.19998988434243103,0.13335191294309712,0.06663797139933392,0.13327594279866783,-0.21972806939956546,-0.14622603125018158,-0.07350203814938389,-0.14700407629876777,0.09996446528413826,0.06664799654646983,0.03331646873766843,0.06663293747533686,0.29560832808700255,0.21352235570845116,0.08208597237855139,0.16417194475710278,-0.11834936928887,-0.07814576187623977,-0.040203607412630224,-0.08040721482526045,0.06359954164092402
1.500000000000001,0.24999229703629827,0.166661531357532,0.08333076567876627,0.16666153135753253,-0.19836746749036882,-0.13224749976023478,-0.06611996773013404,-0.13223993546026808,0.19998988434243103,0.13335191294309712,0.06663797139933392,0.13327594279866783,-0.21972806939956546,-0.14622603125018158,-0.07350203814938389,-0.14700407629876777,0.09996446528413826,0.06664799654646983,0.03331646873766843,0.06663293747533686,0.29560832808700255,0.21352235570845116,0.08208597237855139,0.16417194475710278,-0.11834936928887,-0.07814576187623977,-0.040203607412630224,-0.08040721482526045,0.06359954164092402
1.5100000000000011,0.24999229703629827,0.166661531357532,0.08333076567876627,0.16666153135753253,-0.19836746749036882,-0.13224749976023478,-0.06611996773013404,-0.13223993546026808,0.19998988434243103,0.13335191294309712,0.06663797139933392,0.13327594279866783,-0.21972806939956546,-0.14622603125018158,-0.07350203814938389,-0.14700407629876777,0.09996446528413826,0.06664799654646983,0.03331646873766843,0.06663293747533686,0.29560832808700255,0.21352235570845116,0.08208597237855139,0.16417194475710278,-0.11834936928887,-0.07814576187623977,-0.040203607412630224,-0.08040721482526045,0.06359954164092402
1.5200000000000011,0.24999229703629827,0.166661531357532,0.08333076567876627,0.16666153135753253,-0.19836746749036882,-0.13224749976023478,-0.06611996773013404,-0.13223993546026808,0.19998988434243103,0.13335191294309712,0.06663797139933392,0.13327594279866783,-0.21972806939956546,-0.14622603125018158,-0.07350203814938389,-0.14700407629876777,0.09996446528413826,0.06664799654646983,0.03331646873766843,0.06663293747533686,0.29560832808700255,0.21352235570845116,0.08208597237855139,0.16417194475710278,-0.11834936928887,-0.07814576187623977,-0.040203607412630224,-0.08040721482526045,0.06359954164092402
1.5300000000000011,0.24999229703629827,0.166661531357532,0.08333076567876627,0.16666153135753253,-0.19836746749036882,-0.13224749976023478,-0.06611996773013404,-0.13223993546026808,0.19998988434243103,0.13335191294309712,0.06663797139933392,0.13327594279866783,-0.21972806939956546,-0.14622603125018158,-0.07350203814938389,-0.14700407629876777,0.09996446528413826,0.06664799654646983,0.03331646873766843,0.06663293747533686,0.29560832808700255,0.21352235570845116,0.08208597237855139,0.16417194475710278,-0.11834936928887,-0.07814576187623977,-0.040203607412630224,-0.08040721482526045,0.06359954164092402
1.5400000000000011,0.24999229703629827,0.166661531357532,0.08333076567876627,0.16666153135753253,-0.19836746749036882,-0.13224749976023478,-0.06611996773013404,-0.13223993546026808,0.19998988434243103,0.13335191294309712,0.06663797139933392,0.13327594279866783,-0.21972806939956546,-0.14622603125018158,-0.07350203814938389,-0.14700407629876777,0.09996446528413826,0.06664799654646983,0.03331646873766843,0.06663293747533686,0.29560832808700255,0.21352235570845116,0.08208597237855139,0.16417194475710278,-0.11834936928887,-0.07814576187623977,-0.040203607412630224,-0.08040721482526045,0.06359954164092402
1.5500000000000012,0.24999229703629827,0.166661531357532,0.08333076567876627,0.16666153135753253,-0.19836746749036882,-0.13224749976023478,-0.06611996773013404,-0.13223993546026808,0.19998988434243103,0.13335191294309712,0.06663797139933392,0.13327594279866783,-0.21972806939956546,-0.14622603125018158,-0.07350203814938389,-0.14700407629876777,0.09996446528413826,0.06664799654646983,0.03331646873766843,0.06663293747533686,0.29560832808700255,0.21352235570845116,0.08208597237855139,0.16417194475710278,-0.11834936928887,-0.07814576187623977,-0.040203607412630224,-0.08040721482526045,0.06359954164092402
1.5600000000000012,0.24999229703629827,0.166661531357532,0.08333076567876627,0.16666153135753253,-0.19836746749036882,-0.13224749976023478,-0.06611996773013404,-0.13223993546026808,0.19998988434243103,0.13335191294309712,0.06663797139933392,0.13327594279866783,-0.21972806939956546,-0.14622603125018158,-0.07350203814938389,-0.14700407629876777,0.09996446528413826,0.06664799654646983,0.03331646873766843,0.06663293747533686,0.29560832808700255,0.21352235570845116,0.08208597237855139,0.16417194475710278,-0.11834936928887,-0.07814576187623977,-0.040203607412630224,-0.08040721482526045,0.06359954164092402
1.5700000000000012,0.24999229703629827,0.166661531357532,0.08333076567876627,0.16666153135753253,-0.19836746749036882,-0.13224749976023478,-0.06611996773013404,-0.13223993546026808,0.19998988434243103,0.13335191294309712,0.06663797139933392,0.13327594279866783,-0.21972806939956546,-0.14622603125018158,-0.07350203814938389,-0.14700407629876777,0.09996446528413826,0.06664799654646983,0.03331646873766843,0.06663293747533686,0.29560832808700255,0.21352235570845116,0.08208597237855139,0.16417194475710278,-0.11834936928887,-0.07814576187623977,-0.040203607412630224,-0.08040721482526045,0.06359954164092402
1.5800000000000012,0.24999229703629827,0.166661531357532,0.08333076567876627,0.16666153135753253,-0.19836746749036882,-0.13224749976023478,-0.06611996773013404,-0.13223993546026808,0.19998988434243103,0.13335191294309712,0.06663797139933392,0.13327594279866783,-0.21972806939956546,-0.14622603125018158,-0.07350203814938389,-0.14700407629876777,0.09996446528413826,0.06664799654646983,0.03331646873766843,0.06663293747533686,0.29560832808700255,0.21352235570845116,0.08208597237855139,0.16417194475710278,-0.11834936928887,-0.07814576187623977,-0.040203607412630224,-0.08040721482526045,0.06359954164092402
1.5900000000000012,0.24999229703629827,0.166661531357532,0.08333076567876627,0.16666153135753253,-0.19836746749036882,-0.13224749976023478,-0.06611996773013404,-0.13223993546026808,0.19998988434243103,0.13335191294309712,0.06663797139933392,0.13327594279866783,-0.21972806939956546,-0.14622603125018158,-0.07350203814938389,-0.14700407629876777,0.09996446528413826,0.06664799654646983,0.03331646873766843,0.06663293747533686,0.29560832808700255,0.21352235570845116,0.08208597237855139,0.16417194475710278,-0.11834936928887,-0.07814576187623977,-0.040203607412630224,-0.08040721482526045,0.06359954164092402
1.6000000000000012,0.24999229703629827,0.166661531357532,0.08333076567876627,0.16666153135753253,-0.19836746749036882,-0.13224749976023478,-0.06611996773013404,-0.13223993546026808,0.19998988434243103,0.13335191294309712,0.06663797139933392,0.13327594279866783,-0.21972806939956546,-0.14622603125018158,-0.07350203814938389,-0.14700407629876777,0.09996446528413826,0.06664799654646983,0.03331646873766843,0.06663293747533686,0.29560832808700255,0.21352235570845116,0.08208597237855139,0.16417194475710278,-0.11834936928887,-0.07814576187623977,-0.040203607412630224,-0.08040721482526045,0.06359954164092402
1.6100000000000012,0.24999229703629827,0.166661531357532,0.08333076567876627,0.16666153135753253,-0.19836746749036882,-0.13224749976023478,-0.06611996773013404,-0.13223993546026808,0.19998988434243103,0.13335191294309712,0.06663797139933392,0.13327594279866783,-0.21972806939956546,-0.14622603125018158,-0.07350203814938389,-0.14700407629876777,0.09996446528413826,0.06664799654646983,0.03331646873766843,0.06663293747533686,0.29560832808700255,0.21352235570845116,0.08208597237855139,0.16417194475710278,-0.11834936928887,-0.07814576187623977,-0.040203607412630224,-0.08040721482526045,0.06359954164092402
1.6200000000000012,0.24999229703629827,0.166661531357532,0.08333076567876627,0.16666153135753253,-0.19836746749036882,-0.13224749976023478,-0.06611996773013404,-0.13223993546026808,0.19998988434243103,0.13335191294309712,0.06663797139933392,0.13327594279866783,-0.21972806939956546,-0.14622603125018158,-0.07350203814938389,-0.14700407629876777,0.09996446528413826,0.06664799654646983,0.03331646873766843,0.06663293747533686,0.29560832808700255,0.21352235570845116,0.08208597237855139,0.16417194475710278,-0.11834936928887,-0.07814576187623977,-0.040203607412630224,-0.08040721482526045,0.06359954164092402
1.6300000000000012,0.24999229703629827,0.166661531357532,0.08333076567876627,0.16666153135753253,-0.19836746749036882,-0.13224749976023478,-0.06611996773013404,-0.13223993546026808,0.19998988434243103,0.13335191294309712,0.06663797139933392,0.13327594279866783,-0.21972806939956546,-0.14622603125018158,-0.07350203814938389,-0.14700407629876777,0.09996446528413826,0.06664799654646983,0.03331646873766843,0.06663293747533686,0.29560832808700255,0.21352235570845116,0.08208597237855139,0.16417194475710278,-0.11834936928887,-0.07814576187623977,-0.040203607412630224,-0.08040721482526045,0.06359954164092402
1.6400000000000012,0.24999229703629827,0.166661531357532,0.08333076567876627,0.16666153135753253,-0.19836746749036882,-0.13224749976023478,-0.06611996773013404,-0.13223993546026808,0.19998988434243103,0.13335191294309712,0.06663797139933392,0.13327594279866783,-0.21972806939956546,-0.14622603125018158,-0.07350203814938389,-0.14700407629876777,0.09996446528413826,0.06664799654646983,0.03331646873766843,0.06663293747533686,0.29560832808700255,0.21352235570845116,0.08208597237855139,0.16417194475710278,-0.11834936928887,-0.07814576187623977,-0.040203607412630224,-0.08040721482526045,0.06359954164092402
1.6500000000000012,0.24999229703629827,0.166661531357532,0.08333076567876627,0.16666153135753253,-0.19836746749036882,-0.13224749976023478,-0.06611996773013404,-0.13223993546026808,0.19998988434243103,0.13335191294309712,0.06663797139933392,0.13327594279866783,-0.21972806939956546,-0.14622603125018158,-0.07350203814938389,-0.14700407629876777,0.09996446528413826,0.06664799654646983,0.03331646873766843,0.06663293747533686,0.29560832808700255,0.21352235570845116,0.08208597237855139,0.16417194475710278,-0.11834936928887,-0.07814576187623977,-0.040203607412630224,-0.08040721482526045,0.06359954164092402
1.6600000000000013,0.24999229703629827,0.166661531357532,0.08333076567876627,0.16666153135753253,-0.19836746749036882,-0.13224749976023478,-0.06611996773013404,-0.13223993546026808,0.19998988434243103,0.13335191294309712,0.06663797139933392,0.13327594279866783,-0.21972806939956546,-0.14622603125018158,-0.07350203814938389,-0.14700407629876777,0.09996446528413826,0.06664799654646983,0.03331646873766843,0.06663293747533686,0.29560832808700255,0.21352235570845116,0.08208597237855139,0.16417194475710278,-0.11834936928887,-0.07814576187623977,-0.040203607412630224,-0.08040721482526045,0.06359954164092402
1.6700000000000013,0.24999229703629827,0.166661531357532,0.08333076567876627,0.16666153135753253,-0.19836746749036882,-0.13224749976023478,-0.06611996773013404,-0.13223993546026808,0.19998988434243103,0.13335191294309712,0.06663797139933392,0.13327594279866783,-0.21972806939956546,-0.14622603125018158,-0.07350203814938389,-0.14700407629876777,0.09996446528413826,0.06664799654646983,0.03331646873766843,0.06663293747533686,0.29560832808700255,0.21352235570845116,0.08208597237855139,0.16417194475710278,-0.11834936928887,-0.07814576187623977,-0.040203607412630224,-0.08040721482526045,0.06359954164092402
1.6800000000000013,0.24999229703629827,0.166661531357532,0.08333076567876627,0.16666153135753253,-0.19836746749036882,-0.13224749976023478,-0.06611996773013404,-0.13223993546026808,0.19998988434243103,0.13335191294309712,0.06663797139933392,0.13327594279866783,-0.21972806939956546,-0.14622603125018158,-0.07350203814938389,-0.14700407629876777,0.09996446528413826,0.06664799654646983,0.03331646873766843,0.06663293747533686,0.29560832808700255,0.21352235570845116,0.08208597237855139,0.16417194475710278,-0.11834936928887,-0.07814576187623977,-0.040203607412630224,-0.08040721482526045,0.06359954164092402
1.6900000000000013,0.24999229703629827,0.166661531357532,0.08333076567876627,0.16666153135753253,-0.19836746749036882,-0.13224749976023478,-0.06611996773013404,-0.13223993546026808,0.19998988434243103,0.13335191294309712,0.06663797139933392,0.13327594279866783,-0.21972806939956546,-0.14622603125018158,-0.07350203814938389,-0.14700407629876777,0.09996446528413826,0.06664799654646983,0.03331646873766843,0.06663293747533686,0.29560832808700255,0.21352235570845116,0.08208597237855139,0.16417194475710278,-0.11834936928887,-0.07814576187623977,-0.040203607412630224,-0.08040721482526045,0.06359954164092402
1.7000000000000013,0.24999229703629827,0.166661531357532,0.08333076567876627,0.16666153135753253,-0.19836746749036882,-0.13224749976023478,-0.06611996773013404,-0.13223993546026808,0.19998988434243103,0.13335191294309712,0.06663797139933392,0.13327594279866783,-0.21972806939956546,-0.14622603125018158,-0.07350203814938389,-0.14700407629876777,0.09996446528413826,0.06664799654646983,0.03331646873766843,0.06663293747533686,0.29560832808700255,0.21352235570845116,0.08208597237855139,0.16417194475710278,-0.11834936928887,-0.07814576187623977,-0.040203607412630224,-0.08040721482526045,0.06359954164092402
1.7100000000000013,0.24999229703629827,0.166661531357532,0.08333076567876627,0.16666153135753253,-0.19836746749036882,-0.13224749976023478,-0.06611996773013404,-0.13223993546026808,0.19998988434243103,0.13335191294309712,0.06663797139933392,0.13327594279866783,-0.21972806939956546,-0.14622603125018158,-0.07350203814938389,-0.14700407629876777,0.09996446528413826,0.06664799654646983,0.03331646873766843,0.06663293747533686,0.29560832808700255,0.21352235570845116,0.08208597237855139,0.16417194475710278,-0.11834936928887,-0.07814576187623977,-0.040203607412630224,-0.08040721482526045,0.06359954164092402
1.7200000000000013,0.24999229703629827,0.166661531357532,0.08333076567876627,0.16666153135753253,-0.19836746749036882,-0.13224749976023478,-0.06611996773013404,-0.13223993546026808,0.19998988434243103,0.13335191294309712,0.06663797139933392,0.13327594279866783,-0.21972806939956546,-0.14622603125018158,-0.07350203814938389,-0.14700407629876777,0.09996446528413826,0.06664799654646983,0.03331646873766843,0.06663293747533686,0.29560832808700255,0.21352235570845116,0.08208597237855139,0.16417194475710278,-0.11834936928887,-0.07814576187623977,-0.040203607412630224,-0.08040721482526045,0.06359954164092402
1.7300000000000013,0.24999229703629827,0.166661531357532,0.08333076567876627,0.16666153135753253,-0.19836746749036882,-0.13224749976023478,-0.06611996773013404,-0.13223993546026808,0.19998988434243103,0.13335191294309712,0.06663797139933392,0.13327594279866783,-0.21972806939956546,-0.14622603125018158,-0.07350203814938389,-0.14700407629876777,0.09996446528413826,0.06664799654646983,0.03331646873766843,0.06663293747533686,0.29560832808700255,0.21352235570845116,0.08208597237855139,0.16417194475710278,-0.11834936928887,-0.07814576187623977,-0.040203607412630224,-0.08040721482526045,0.06359954164092402
1.7400000000000013,0.24999229703629827,0.166661531357532,0.08333076567876627,0.16666153135753253,-0.19836746749036882,-0.13224749976023478,-0.06611996773013404,-0.13223993546026808,0.19998988434243103,0.13335191294309712,0.06663797139933392,0.13327594279866783,-0.21972806939956546,-0.14622603125018158,-0.07350203814938389,-0.14700407629876777,0.09996446528413826,0.06664799654646983,0.03331646873766843,0.06663293747533686,0.29560832808700255,0.21352235570845116,0.08208597237855139,0.16417194475710278,-0.11834936928887,-0.07814576187623977,-0.040203607412630224,-0.08040721482526045,0.06359954164092402
1.7500000000000013,0.24999229703629827,0.166661531357532,0.08333076567876627,0.16666153135753253,-0.19836746749036882,-0.13224749976023478,-0.06611996773013404,-0.13223993546026808,0.19998988434243103,0.13335191294309712,0.06663797139933392,0.13327594279866783,-0.21972806939956546,-0.14622603125018158,-0.07350203814938389,-0.14700407629876777,0.09996446528413826,0.06664799654646983,0.03331646873766843,0.06663293747533686,0.29560832808700255,0.21352235570845116,0.08208597237855139,0.16417194475710278,-0.11834936928887,-0.07814576187623977,-0.040203607412630224,-0.08040721482526045,0.06359954164092402
1.7600000000000013,0.24999229703629827,0.166661531357532,0.08333076567876627,0.16666153135753253,-0.19836746749036882,-0.13224749976023478,-0.06611996773013404,-0.13223993546026808,0.19998988434243103,0.13335191294309712,0.06663797139933392,0.13327594279866783,-0.21972806939956546,-0.14622603125018158,-0.07350203814938389,-0.14700407629876777,0.09996446528413826,0.06664799654646983,0.03331646873766843,0.06663293747533686,0.29560832808700255,0.21352235570845116,0.08208597237855139,0.16417194475710278,-0.11834936928887,-0.07814576187623977,-0.040203607412630224,-0.08040721482526045,0.06359954164092402
1.7700000000000014,0.24999229703629827,0.166661531357532,0.08333076567876627,0.16666153135753253,-0.19836746749036882,-0.13224749976023478,-0.06611996773013404,-0.13223993546026808,0.19998988434243103,0.13335191294309712,0.06663797139933392,0.13327594279866783,-0.21972806939956546,-0.14622603125018158,-0.07350203814938389,-0.14700407629876777,0.09996446528413826,0.06664799654646983,0.03331646873766843,0.06663293747533686,0.29560832808700255,0.21352235570845116,0.08208597237855139,0.16417194475710278,-0.11834936928887,-0.07814576187623977,-0.040203607412630224,-0.08040721482526045,0.06359954164092402
1.7800000000000014,0.24999229703629827,0.166661531357532,0.08333076567876627,0.16666153135753253,-0.19836746749036882,-0.13224749976023478,-0.06611996773013404,-0.13223993546026808,0.19998988434243103,0.13335191294309712,0.06663797139933392,0.13327594279866783,-0.21972806939956546,-0.14622603125018158,-0.07350203814938389,-0.14700407629876777,0.09996446528413826,0.06664799654646983,0.03331646873766843,0.06663293747533686,0.29560832808700255,0.21352235570845116,0.08208597237855139,0.16417194475710278,-0.11834936928887,-0.07814576187623977,-0.040203607412630224,-0.08040721482526045,0.06359954164092402
1.7900000000000014,0.24999229703629827,0.166661531357532,0.08333076567876627,0.16666153135753253,-0.19836746749036882,-0.13224749976023478,-0.06611996773013404,-0.13223993546026808,0.19998988434243103,0.13335191294309712,0.06663797139933392,0.13327594279866783,-0.21972806939956546,-0.14622603125018158,-0.07350203814938389,-0.14700407629876777,0.09996446528413826,0.06664799654646983,0.03331646873766843,0.06663293747533686,0.29560832808700255,0.21352235570845116,0.08208597237855139,0.16417194475710278,-0.11834936928887,-0.07814576187623977,-0.040203607412630224,-0.08040721482526045,0.06359954164092402
1.8000000000000014,0.24999229703629827,0.166661531357532,0.08333076567876627,0.16666153135753253,-0.19836746749036882,-0.13224749976023478,-0.06611996773013404,-0.13223993546026808,0.19998988434243103,0.13335191294309712,0.06663797139933392,0.13327594279866783,-0.21972806939956546,-0.14622603125018158,-0.07350203814938389,-0.14700407629876777,0.09996446528413826,0.06664799654646983,0.03331646873766843,0.06663293747533686,0.29560832808700255,0.21352235570845116,0.08208597237855139,0.16417194475710278,-0.11834936928887,-0.07814576187623977,-0.040203607412630224,-0.08040721482526045,0.06359954164092402
1.8100000000000014,0.24999229703629827,0.166661531357532,0.08333076567876627,0.16666153135753253,-0.19836746749036882,-0.13224749976023478,-0.06611996773013404,-0.13223993546026808,0.19998988434243103,0.13335191294309712,0.06663797139933392,0.13327594279866783,-0.21972806939956546,-0.14622603125018158,-0.07350203814938389,-0.14700407629876777,0.09996446528413826,0.06664799654646983,0.03331646873766843,0.06663293747533686,0.29560832808700255,0.21352235570845116,0.08208597237855139,0.16417194475710278,-0.11834936928887,-0.07814576187623977,-0.040203607412630224,-0.08040721482526045,0.06359954164092402
1.8200000000000014,0.24999229703629827,0.166661531357532,0.08333076567876627,0.16666153135753253,-0.19836746749036882,-0.13224749976023478,-0.06611996773013404,-0.13223993546026808,0.19998988434243103,0.13335191294309712,0.06663797139933392,0.13327594279866783,-0.21972806939956546,-0.14622603125018158,-0.07350203814938389,-0.14700407629876777,0.09996446528413826,0.06664799654646983,0.03331646873766843,0.06663293747533686,0.29560832808700255,0.21352235570845116,0.08208597237855139,0.16417194475710278,-0.11834936928887,-0.07814576187623977,-0.040203607412630224,-0.08040721482526045,0.06359954164092402
1.8300000000000014,0.24999229703629827,0.166661531357532,0.08333076567876627,0.16666153135753253,-0.19836746749036882,-0.13224749976023478,-0.06611996773013404,-0.13223993546026808,0.19998988434243103,0.13335191294309712,0.06663797139933392,0.13327594279866783,-0.21972806939956546,-0.14622603125018158,-0.07350203814938389,-0.14700407629876777,0.09996446528413826,0.06664799654646983,0.03331646873766843,0.06663293747533686,0.29560832808700255,0.21352235570845116,0.08208597237855139,0.16417194475710278,-0.11834936928887,-0.07814576187623977,-0.040203607412630224,-0.08040721482526045,0.06359954164092402
1.8400000000000014,0.24999229703629827,0.166661531357532,0.08333076567876627,0.16666153135753253,-0.19836746749036882,-0.13224749976023478,-0.06611996773013404,-0.13223993546026808,0.19998988434243103,0.13335191294309712,0.06663797139933392,0.13327594279866783,-0.21972806939956546,-0.14622603125018158,-0.07350203814938389,-0.14700407629876777,0.09996446528413826,0.06664799654646983,0.03331646873766843,0.06663293747533686,0.29560832808700255,0.21352235570845116,0.08208597237855139,0.16417194475710278,-0.11834936928887,-0.07814576187623977,-0.040203607412630224,-0.08040721482526045,0.06359954164092402
1.8500000000000014,0.24999229703629827,0.166661531357532,0.08333076567876627,0.16666153135753253,-0.19836746749036882,-0.13224749976023478,-0.06611996773013404,-0.13223993546026808,0.19998988434243103,0.13335191294309712,0.06663797139933392,0.13327594279866783,-0.21972806939956546,-0.14622603125018158,-0.07350203814938389,-0.14700407629876777,0.09996446528413826,0.06664799654646983,0.03331646873766843,0.06663293747533686,0.29560832808700255,0.21352235570845116,0.08208597237855139,0.16417194475710278,-0.11834936928887,-0.07814576187623977,-0.040203607412630224,-0.08040721482526045,0.06359954164092402
1.8600000000000014,0.24999229703629827,0.166661531357532,0.08333076567876627,0.16666153135753253,-0.19836746749036882,-0.13224749976023478,-0.06611996773013404,-0.13223993546026808,0.19998988434243103,0.13335191294309712,0.06663797139933392,0.13327594279866783,-0.21972806939956546,-0.14622603125018158,-0.07350203814938389,-0.14700407629876777,0.09996446528413826,0.06664799654646983,0.03331646873766843,0.06663293747533686,0.29560832808700255,0.21352235570845116,0.08208597237855139,0.16417194475710278,-0.11834936928887,-0.07814576187623977,-0.040203607412630224,-0.08040721482526045,0.06359954164092402
1.8700000000000014,0.24999229703629827,0.166661531357532,0.08333076567876627,0.16666153135753253,-0.19836746749036882,-0.13224749976023478,-0.06611996773013404,-0.13223993546026808,0.19998988434243103,0.13335191294309712,0.06663797139933392,0.13327594279866783,-0.21972806939956546,-0.14622603125018158,-0.07350203814938389,-0.14700407629876777,0.09996446528413826,0.06664799654646983,0.03331646873766843,0.06663293747533686,0.29560832808700255,0.21352235570845116,0.08208597237855139,0.16417194475710278,-0.11834936928887,-0.07814576187623977,-0.040203607412630224,-0.08040721482526045,0.06359954164092402
1.8800000000000014,0.24999229703629827,0.166661531357532,0.08333076567876627,0.16666153135753253,-0.19836746749036882,-0.13224749976023478,-0.06611996773013404,-0.13223993546026808,0.19998988434243103,0.13335191294309712,0.06663797139933392,0.13327594279866783,-0.21972806939956546,-0.14622603125018158,-0.07350203814938389,-0.14700407629876777,0.09996446528413826,0.06664799654646983,0.03331646873766843,0.06663293747533686,0.29560832808700255,0.21352235570845116,0.08208597237855139,0.16417194475710278,-0.11834936928887,-0.07814576187623977,-0.040203607412630224,-0.08040721482526045,0.06359954164092402
1.8900000000000015,0.24999229703629827,0.166661531357532,0.08333076567876627,0.16666153135753253,-0.19836746749036882,-0.13224749976023478,-0.06611996773013404,-0.13223993546026808,0.19998988434243103,0.13335191294309712,0.06663797139933392,0.13327594279866783,-0.21972806939956546,-0.14622603125018158,-0.07350203814938389,-0.14700407629876777,0.09996446528413826,0.06664799654646983,0.03331646873766843,0.06663293747533686,0.29560832808700255,0.21352235570845116,0.08208597237855139,0.16417194475710278,-0.11834936928887,-0.07814576187623977,-0.040203607412630224,-0.08040721482526045,0.06359954164092402
1.9000000000000015,0.24999229703629827,0.166661531357532,0.08333076567876627,0.16666153135753253,-0.19836746749036882,-0.13224749976023478,-0.06611996773013404,-0.13223993546026808,0.19998988434243103,0.13335191294309712,0.06663797139933392,0.13327594279866783,-0.21972806939956546,-0.14622603125018158,-0.07350203814938389,-0.14700407629876777,0.09996446528413826,0.06664799654646983,0.03331646873766843,0.06663293747533686,0.29560832808700255,0.21352235570845116,0.08208597237855139,0.16417194475710278,-0.11834936928887,-0.07814576187623977,-0.040203607412630224,-0.08040721482526045,0.06359954164092402
1.9100000000000015,0.24999229703629827,0.166661531357532,0.08333076567876627,0.16666153135753253,-0.19836746749036882,-0.13224749976023478,-0.06611996773013404,-0.13223993546026808,0.19998988434243103,0.13335191294309712,0.06663797139933392,0.13327594279866783,-0.21972806939956546,-0.14622603125018158,-0.07350203814938389,-0.14700407629876777,0.09996446528413826,0.06664799654646983,0.03331646873766843,0.06663293747533686,0.29560832808700255,0.21352235570845116,0.08208597237855139,0.16417194475710278,-0.11834936928887,-0.07814576187623977,-0.040203607412630224,-0.08040721482526045,0.06359954164092402
1.9200000000000015,0.24999229703629827,0.166661531357532,0.08333076567876627,0.16666153135753253,-0.19836746749036882,-0.13224749976023478,-0.06611996773013404,-0.13223993546026808,0.19998988434243103,0.13335191294309712,0.06663797139933392,0.13327594279866783,-0.21972806939956546,-0.14622603125018158,-0.07350203814938389,-0.14700407629876777,0.09996446528413826,0.06664799654646983,0.03331646873766843,0.06663293747533686,0.29560832808700255,0.21352235570845116,0.08208597237855139,0.16417194475710278,-0.11834936928887,-0.07814576187623977,-0.040203607412630224,-0.08040721482526045,0.06359954164092402
1.9300000000000015,0.24999229703629827,0.166661531357532,0.08333076567876627,0.16666153135753253,-0.19836746749036882,-0.13224749976023478,-0.06611996773013404,-0.13223993546026808,0.19998988434243103,0.13335191294309712,0.06663797139933392,0.13327594279866783,-0.21972806939956546,-0.14622603125018158,-0.07350203814938389,-0.14700407629876777,0.09996446528413826,0.06664799654646983,0.03331646873766843,0.06663293747533686,0.29560832808700255,0.21352235570845116,0.08208597237855139,0.16417194475710278,-0.11834936928887,-0.07814576187623977,-0.040203607412630224,-0.08040721482526045,0.06359954164092402
1.9400000000000015,0.24999229703629827,0.166661531357532,0.08333076567876627,0.16666153135753253,-0.19836746749036882,-0.13224749976023478,-0.06611996773013404,-0.13223993546026808,0.19998988434243103,0.13335191294309712,0.06663797139933392,0.13327594279866783,-0.21972806939956546,-0.14622603125018158,-0.07350203814938389,-0.14700407629876777,0.09996446528413826,0.06664799654646983,0.03331646873766843,0.06663293747533686,0.29560832808700255,0.21352235570845116,0.08208597237855139,0.16417194475710278,-0.11834936928887,-0.07814576187623977,-0.040203607412630224,-0.08040721482526045,0.06359954164092402
1.9500000000000015,0.24999229703629827,0.166661531357532,0.08333076567876627,0.16666153135753253,-0.19836746749036882,-0.13224749976023478,-0.06611996773013404,-0.13223993546026808,0.19998988434243103,0.13335191294309712,0.06663797139933392,0.13327594279866783,-0.21972806939956546,-0.14622603125018158,-0.07350203814938389,-0.14700407629876777,0.09996446528413826,0.06664799654646983,0.03331646873766843,0.06663293747533686,0.29560832808700255,0.21352235570845116,0.08208597237855139,0.16417194475710278,-0.11834936928887,-0.07814576187623977,-0.040203607412630224,-0.08040721482526045,0.06359954164092402
1.9600000000000015,0.24999229703629827,0.166661531357532,0.08333076567876627,0.16666153135753253,-0.19836746749036882,-0.13224749976023478,-0.06611996773013404,-0.13223993546026808,0.19998988434243103,0.13335191294309712,0.06663797139933392,0.13327594279866783,-0.21972806939956546,-0.14622603125018158,-0.07350203814938389,-0.14700407629876777,0.09996446528413826,0.06664799654646983,0.03331646873766843,0.06663293747533686,0.29560832808700255,0.21352235570845116,0.08208597237855139,0.16417194475710278,-0.11834936928887,-0.07814576187623977,-0.040203607412630224,-0.08040721482526045,0.06359954164092402
1.9700000000000015,0.24999229703629827,0.166661531357532,0.08333076567876627,0.16666153135753253,-0.19836746749036882,-0.13224749976023478,-0.06611996773013404,-0.13223993546026808,0.19998988434243103,0.13335191294309712,0.06663797139933392,0.13327594279866783,-0.21972806939956546,-0.14622603125018158,-0.07350203814938389,-0.14700407629876777,0.09996446528413826,0.06664799654646983,0.03331646873766843,0.06663293747533686,0.29560832808700255,0.21352235570845116,0.08208597237855139,0.16417194475710278,-0.11834936928887,-0.07814576187623977,-0.040203607412630224,-0.08040721482526045,0.06359954164092402
1.9800000000000015,0.24999229703629827,0.166661531357532,0.08333076567876627,0.16666153135753253,-0.19836746749036882,-0.13224749976023478,-0.06611996773013404,-0.13223993546026808,0.19998988434243103,0.13335191294309712,0.06663797139933392,0.13327594279866783,-0.21972806939956546,-0.14622603125018158,-0.07350203814938389,-0.14700407629876777,0.09996446528413826,0.06664799654646983,0.03331646873766843,0.06663293747533686,0.29560832808700255,0.21352235570845116,0.08208597237855139,0.16417194475710278,-0.11834936928887,-0.07814576187623977,-0.040203607412630224,-0.08040721482526045,0.06359954164092402
1.9900000000000015,0.24999229703629827,0.166661531357532,0.08333076567876627,0.16666153135753253,-0.19836746749036882,-0.13224749976023478,-0.06611996773013404,-0.13223993546026808,0.19998988434243103,0.13335191294309712,0.06663797139933392,0.13327594279866783,-0.21972806939956546,-0.14622603125018158,-0.07350203814938389,-0.14700407629876777,0.09996446528413826,0.06664799654646983,0.03331646873766843,0.06663293747533686,0.29560832808700255,0.21352235570845116,0.08208597237855139,0.16417194475710278,-0.11834936928887,-0.07814576187623977,-0.040203607412630224,-0.08040721482526045,0.06359954164092402
2.0000000000000013,0.24999229703629827,0.166661531357532,0.08333076567876627,0.16666153135753253,-0.19836746749036882,-0.13224749976023478,-0.06611996773013404,-0.13223993546026808,0.19998988434243103,0.13335191294309712,0.06663797139933392,0.13327594279866783,-0.21972806939956546,-0.14622603125018158,-0.07350203814938389,-0.14700407629876777,0.09996446528413826,0.06664799654646983,0.03331646873766843,0.06663293747533686,0.29560832808700255,0.21352235570845116,0.08208597237855139,0.16417194475710278,-0.11834936928887,-0.07814576187623977,-0.040203607412630224,-0.08040721482526045,0.06359954164092402
2.0100000000000002,0.24999229703629827,0.166661531357532,0.08333076567876627,0.16666153135753253,-0.19836746749036882,-0.13224749976023478,-0.06611996773013404,-0.13223993546026808,0.19998988434243103,0.13335191294309712,0.06663797139933392,0.13327594279866783,-0.21972806939956546,-0.14622603125018158,-0.07350203814938389,-0.14700407629876777,0.09996446528413826,0.06664799654646983,0.03331646873766843,0.06663293747533686,0.29560832808700255,0.21352235570845116,0.08208597237855139,0.16417194475710278,-0.11834936928887,-0.07814576187623977,-0.040203607412630224,-0.08040721482526045,0.06359954164092402
2.019999999999999,0.24999229703629827,0.166661531357532,0.08333076567876627,0.16666153135753253,-0.19836746749036882,-0.13224749976023478,-0.06611996773013404,-0.13223993546026808,0.19998988434243103,0.13335191294309712,0.06663797139933392,0.13327594279866783,-0.21972806939956546,-0.14622603125018158,-0.07350203814938389,-0.14700407629876777,0.09996446528413826,0.06664799654646983,0.03331646873766843,0.06663293747533686,0.29560832808700255,0.21352235570845116,0.08208597237855139,0.16417194475710278,-0.11834936928887,-0.07814576187623977,-0.040203607412630224,-0.08040721482526045,0.06359954164092402
2.029999999999998,0.24999229703629827,0.166661531357532,0.08333076567876627,0.16666153135753253,-0.19836746749036882,-0.13224749976023478,-0.06611996773013404,-0.13223993546026808,0.19998988434243103,0.13335191294309712,0.06663797139933392,0.13327594279866783,-0.21972806939956546,-0.14622603125018158,-0.07350203814938389,-0.14700407629876777,0.09996446528413826,0.06664799654646983,0.03331646873766843,0.06663293747533686,0.29560832808700255,0.21352235570845116,0.08208597237855139,0.16417194475710278,-0.11834936928887,-0.07814576187623977,-0.040203607412630224,-0.08040721482526045,0.06359954164092402
2.039999999999997,0.24999229703629827,0.166661531357532,0.08333076567876627,0.16666153135753253,-0.19836746749036882,-0.13224749976023478,-0.06611996773013404,-0.13223993546026808,0.19998988434243103,0.13335191294309712,0.06663797139933392,0.13327594279866783,-0.21972806939956546,-0.14622603125018158,-0.07350203814938389,-0.14700407629876777,0.09996446528413826,0.06664799654646983,0.03331646873766843,0.06663293747533686,0.29560832808700255,0.21352235570845116,0.08208597237855139,0.16417194475710278,-0.11834936928887,-0.07814576187623977,-0.040203607412630224,-0.08040721482526045,0.06359954164092402
2.049999999999996,0.24999229703629827,0.166661531357532,0.08333076567876627,0.16666153135753253,-0.19836746749036882,-0.13224749976023478,-0.06611996773013404,-0.13223993546026808,0.19998988434243103,0.13335191294309712,0.06663797139933392,0.13327594279866783,-0.21972806939956546,-0.14622603125018158,-0.07350203814938389,-0.14700407629876777,0.09996446528413826,0.06664799654646983,0.03331646873766843,0.06663293747533686,0.29560832808700255,0.21352235570845116,0.08208597237855139,0.16417194475710278,-0.11834936928887,-0.07814576187623977,-0.040203607412630224,-0.08040721482526045,0.06359954164092402
2.0599999999999947,0.24999229703629827,0.166661531357532,0.08333076567876627,0.16666153135753253,-0.19836746749036882,-0.13224749976023478,-0.06611996773013404,-0.13223993546026808,0.19998988434243103,0.13335191294309712,0.06663797139933392,0.13327594279866783,-0.21972806939956546,-0.14622603125018158,-0.07350203814938389,-0.14700407629876777,0.09996446528413826,0.06664799654646983,0.03331646873766843,0.06663293747533686,0.29560832808700255,0.21352235570845116,0.08208597237855139,0.16417194475710278,-0.11834936928887,-0.07814576187623977,-0.040203607412630224,-0.08040721482526045,0.06359954164092402
2.0699999999999936,0.24999229703629827,0.166661531357532,0.08333076567876627,0.16666153135753253,-0.19836746749036882,-0.13224749976023478,-0.06611996773013404,-0.13223993546026808,0.19998988434243103,0.13335191294309712,0.06663797139933392,0.13327594279866783,-0.21972806939956546,-0.14622603125018158,-0.07350203814938389,-0.14700407629876777,0.09996446528413826,0.06664799654646983,0.03331646873766843,0.06663293747533686,0.29560832808700255,0.21352235570845116,0.08208597237855139,0.16417194475710278,-0.11834936928887,-0.07814576187623977,-0.040203607412630224,-0.08040721482526045,0.06359954164092402
2.0799999999999925,0.24999229703629827,0.166661531357532,0.08333076567876627,0.16666153135753253,-0.19836746749036882,-0.13224749976023478,-0.06611996773013404,-0.13223993546026808,0.19998988434243103,0.13335191294309712,0.06663797139933392,0.13327594279866783,-0.21972806939956546,-0.14622603125018158,-0.07350203814938389,-0.14700407629876777,0.09996446528413826,0.06664799654646983,0.03331646873766843,0.06663293747533686,0.29560832808700255,0.21352235570845116,0.08208597237855139,0.16417194475710278,-0.11834936928887,-0.07814576187623977,-0.040203607412630224,-0.08040721482526045,0.06359954164092402
2.0899999999999914,0.24999229703629827,0.166661531357532,0.08333076567876627,0.16666153135753253,-0.19836746749036882,-0.13224749976023478,-0.06611996773013404,-0.13223993546026808,0.19998988434243103,0.13335191294309712,0.06663797139933392,0.13327594279866783,-0.21972806939956546,-0.14622603125018158,-0.07350203814938389,-0.14700407629876777,0.09996446528413826,0.06664799654646983,0.03331646873766843,0.06663293747533686,0.29560832808700255,0.21352235570845116,0.08208597237855139,0.16417194475710278,-0.11834936928887,-0.07814576187623977,-0.040203607412630224,-0.08040721482526045,0.06359954164092402
2.0999999999999903,0.24999229703629827,0.166661531357532,0.08333076567876627,0.16666153135753253,-0.19836746749036882,-0.13224749976023478,-0.06611996773013404,-0.13223993546026808,0.19998988434243103,0.13335191294309712,0.06663797139933392,0.13327594279866783,-0.21972806939956546,-0.14622603125018158,-0.07350203814938389,-0.14700407629876777,0.09996446528413826,0.06664799654646983,0.03331646873766843,0.06663293747533686,0.29560832808700255,0.21352235570845116,0.08208597237855139,0.16417194475710278,-0.11834936928887,-0.07814576187623977,-0.040203607412630224,-0.08040721482526045,0.06359954164092402
2.109999999999989,0.24999229703629827,0.166661531357532,0.08333076567876627,0.16666153135753253,-0.19836746749036882,-0.13224749976023478,-0.06611996773013404,-0.13223993546026808,0.19998988434243103,0.13335191294309712,0.06663797139933392,0.13327594279866783,-0.21972806939956546,-0.14622603125018158,-0.07350203814938389,-0.14700407629876777,0.09996446528413826,0.06664799654646983,0.03331646873766843,0.06663293747533686,0.29560832808700255,0.21352235570845116,0.08208597237855139,0.16417194475710278,-0.11834936928887,-0.07814576187623977,-0.040203607412630224,-0.08040721482526045,0.06359954164092402
2.119999999999988,0.24999229703629827,0.166661531357532,0.08333076567876627,0.16666153135753253,-0.19836746749036882,-0.13224749976023478,-0.06611996773013404,-0.13223993546026808,0.19998988434243103,0.13335191294309712,0.06663797139933392,0.13327594279866783,-0.21972806939956546,-0.14622603125018158,-0.07350203814938389,-0.14700407629876777,0.09996446528413826,0.06664799654646983,0.03331646873766843,0.06663293747533686,0.29560832808700255,0.21352235570845116,0.08208597237855139,0.16417194475710278,-0.11834936928887,-0.07814576187623977,-0.040203607412630224,-0.08040721482526045,0.06359954164092402
2.129999999999987,0.24999229703629827,0.166661531357532,0.08333076567876627,0.16666153135753253,-0.19836746749036882,-0.13224749976023478,-0.06611996773013404,-0.13223993546026808,0.19998988434243103,0.13335191294309712,0.06663797139933392,0.13327594279866783,-0.21972806939956546,-0.14622603125018158,-0.07350203814938389,-0.14700407629876777,0.09996446528413826,0.06664799654646983,0.03331646873766843,0.06663293747533686,0.29560832808700255,0.21352235570845116,0.08208597237855139,0.16417194475710278,-0.11834936928887,-0.07814576187623977,-0.040203607412630224,-0.08040721482526045,0.06359954164092402
2.139999999999986,0.24999229703629827,0.166661531357532,0.08333076567876627,0.16666153135753253,-0.19836746749036882,-0.13224749976023478,-0.06611996773013404,-0.13223993546026808,0.19998988434243103,0.13335191294309712,0.06663797139933392,0.13327594279866783,-0.21972806939956546,-0.14622603125018158,-0.07350203814938389,-0.14700407629876777,0.09996446528413826,0.06664799654646983,0.03331646873766843,0.06663293747533686,0.29560832808700255,0.21352235570845116,0.08208597237855139,0.16417194475710278,-0.11834936928887,-0.07814576187623977,-0.040203607412630224,-0.08040721482526045,0.06359954164092402
2.149999999999985,0.24999229703629827,0.166661531357532,0.08333076567876627,0.16666153135753253,-0.19836746749036882,-0.13224749976023478,-0.06611996773013404,-0.13223993546026808,0.19998988434243103,0.13335191294309712,0.06663797139933392,0.13327594279866783,-0.21972806939956546,-0.14622603125018158,-0.07350203814938389,-0.14700407629876777,0.09996446528413826,0.06664799654646983,0.03331646873766843,0.06663293747533686,0.29560832808700255,0.21352235570845116,0.08208597237855139,0.16417194475710278,-0.11834936928887,-0.07814576187623977,-0.040203607412630224,-0.08040721482526045,0.06359954164092402
2.1599999999999837,0.24999229703629827,0.166661531357532,0.08333076567876627,0.16666153135753253,-0.19836746749036882,-0.13224749976023478,-0.06611996773013404,-0.13223993546026808,0.19998988434243103,0.13335191294309712,0.06663797139933392,0.13327594279866783,-0.21972806939956546,-0.14622603125018158,-0.07350203814938389,-0.14700407629876777,0.09996446528413826,0.06664799654646983,0.03331646873766843,0.06663293747533686,0.29560832808700255,0.21352235570845116,0.08208597237855139,0.16417194475710278,-0.11834936928887,-0.07814576187623977,-0.040203607412630224,-0.08040721482526045,0.06359954164092402
2.1699999999999826,0.24999229703629827,0.166661531357532,0.08333076567876627,0.16666153135753253,-0.19836746749036882,-0.13224749976023478,-0.06611996773013404,-0.13223993546026808,0.19998988434243103,0.13335191294309712,0.06663797139933392,0.13327594279866783,-0.21972806939956546,-0.14622603125018158,-0.07350203814938389,-0.14700407629876777,0.09996446528413826,0.06664799654646983,0.03331646873766843,0.06663293747533686,0.29560832808700255,0.21352235570845116,0.08208597237855139,0.16417194475710278,-0.11834936928887,-0.07814576187623977,-0.040203607412630224,-0.08040721482526045,0.06359954164092402
2.1799999999999815,0.24999229703629827,0.166661531357532,0.08333076567876627,0.16666153135753253,-0.19836746749036882,-0.13224749976023478,-0.06611996773013404,-0.13223993546026808,0.19998988434243103,0.13335191294309712,0.06663797139933392,0.13327594279866783,-0.21972806939956546,-0.14622603125018158,-0.07350203814938389,-0.14700407629876777,0.09996446528413826,0.06664799654646983,0.03331646873766843,0.06663293747533686,0.29560832808700255,0.21352235570845116,0.08208597237855139,0.16417194475710278,-0.11834936928887,-0.07814576187623977,-0.040203607412630224,-0.08040721482526045,0.06359954164092402
2.1899999999999804,0.24999229703629827,0.166661531357532,0.08333076567876627,0.16666153135753253,-0.19836746749036882,-0.13224749976023478,-0.06611996773013404,-0.13223993546026808,0.19998988434243103,0.13335191294309712,0.06663797139933392,0.13327594279866783,-0.21972806939956546,-0.14622603125018158,-0.07350203814938389,-0.14700407629876777,0.09996446528413826,0.06664799654646983,0.03331646873766843,0.06663293747533686,0.29560832808700255,0.21352235570845116,0.08208597237855139,0.16417194475710278,-0.11834936928887,-0.07814576187623977,-0.040203607412630224,-0.08040721482526045,0.06359954164092402
2.1999999999999793,0.24999229703629827,0.166661531357532,0.08333076567876627,0.16666153135753253,-0.19836746749036882,-0.13224749976023478,-0.06611996773013404,-0.13223993546026808,0.19998988434243103,0.13335191294309712,0.06663797139933392,0.13327594279866783,-0.21972806939956546,-0.14622603125018158,-0.07350203814938389,-0.14700407629876777,0.09996446528413826,0.06664799654646983,0.03331646873766843,0.06663293747533686,0.29560832808700255,0.21352235570845116,0.08208597237855139,0.16417194475710278,-0.11834936928887,-0.07814576187623977,-0.040203607412630224,-0.08040721482526045,0.06359954164092402
2.209999999999978,0.24999229703629827,0.166661531357532,0.08333076567876627,0.16666153135753253,-0.19836746749036882,-0.13224749976023478,-0.06611996773013404,-0.13223993546026808,0.19998988434243103,0.13335191294309712,0.06663797139933392,0.13327594279866783,-0.21972806939956546,-0.14622603125018158,-0.07350203814938389,-0.14700407629876777,0.09996446528413826,0.06664799654646983,0.03331646873766843,0.06663293747533686,0.29560832808700255,0.21352235570845116,0.08208597237855139,0.16417194475710278,-0.11834936928887,-0.07814576187623977,-0.040203607412630224,-0.08040721482526045,0.06359954164092402
2.219999999999977,0.24999229703629827,0.166661531357532,0.08333076567876627,0.16666153135753253,-0.19836746749036882,-0.13224749976023478,-0.06611996773013404,-0.13223993546026808,0.19998988434243103,0.13335191294309712,0.06663797139933392,0.13327594279866783,-0.21972806939956546,-0.14622603125018158,-0.07350203814938389,-0.14700407629876777,0.09996446528413826,0.06664799654646983,0.03331646873766843,0.06663293747533686,0.29560832808700255,0.21352235570845116,0.08208597237855139,0.16417194475710278,-0.11834936928887,-0.07814576187623977,-0.040203607412630224,-0.08040721482526045,0.06359954164092402
2.229999999999976,0.24999229703629827,0.166661531357532,0.08333076567876627,0.16666153135753253,-0.19836746749036882,-0.13224749976023478,-0.06611996773013404,-0.13223993546026808,0.19998988434243103,0.13335191294309712,0.06663797139933392,0.13327594279866783,-0.21972806939956546,-0.14622603125018158,-0.07350203814938389,-0.14700407629876777,0.09996446528413826,0.06664799654646983,0.03331646873766843,0.06663293747533686,0.29560832808700255,0.21352235570845116,0.08208597237855139,0.16417194475710278,-0.11834936928887,-0.07814576187623977,-0.040203607412630224,-0.08040721482526045,0.06359954164092402
2.239999999999975,0.24999229703629827,0.166661531357532,0.08333076567876627,0.16666153135753253,-0.19836746749036882,-0.13224749976023478,-0.06611996773013404,-0.13223993546026808,0.19998988434243103,0.13335191294309712,0.06663797139933392,0.13327594279866783,-0.21972806939956546,-0.14622603125018158,-0.07350203814938389,-0.14700407629876777,0.09996446528413826,0.06664799654646983,0.03331646873766843,0.06663293747533686,0.29560832808700255,0.21352235570845116,0.08208597237855139,0.16417194475710278,-0.11834936928887,-0.07814576187623977,-0.040203607412630224,-0.08040721482526045,0.06359954164092402
2.249999999999974,0.24999229703629827,0.166661531357532,0.08333076567876627,0.16666153135753253,-0.19836746749036882,-0.13224749976023478,-0.06611996773013404,-0.13223993546026808,0.19998988434243103,0.13335191294309712,0.06663797139933392,0.13327594279866783,-0.21972806939956546,-0.14622603125018158,-0.07350203814938389,-0.14700407629876777,0.09996446528413826,0.06664799654646983,0.03331646873766843,0.06663293747533686,0.29560832808700255,0.21352235570845116,0.08208597237855139,0.16417194475710278,-0.11834936928887,-0.07814576187623977,-0.040203607412630224,-0.08040721482526045,0.06359954164092402
2.2599999999999727,0.24999229703629827,0.166661531357532,0.08333076567876627,0.16666153135753253,-0.19836746749036882,-0.13224749976023478,-0.06611996773013404,-0.13223993546026808,0.19998988434243103,0.13335191294309712,0.06663797139933392,0.13327594279866783,-0.21972806939956546,-0.14622603125018158,-0.07350203814938389,-0.14700407629876777,0.09996446528413826,0.06664799654646983,0.03331646873766843,0.06663293747533686,0.29560832808700255,0.21352235570845116,0.08208597237855139,0.16417194475710278,-0.11834936928887,-0.07814576187623977,-0.040203607412630224,-0.08040721482526045,0.06359954164092402
2.2699999999999716,0.24999229703629827,0.166661531357532,0.08333076567876627,0.16666153135753253,-0.19836746749036882,-0.13224749976023478,-0.06611996773013404,-0.13223993546026808,0.19998988434243103,0.13335191294309712,0.06663797139933392,0.13327594279866783,-0.21972806939956546,-0.14622603125018158,-0.07350203814938389,-0.14700407629876777,0.09996446528413826,0.06664799654646983,0.03331646873766843,0.06663293747533686,0.29560832808700255,0.21352235570845116,0.08208597237855139,0.16417194475710278,-0.11834936928887,-0.07814576187623977,-0.040203607412630224,-0.08040721482526045,0.06359954164092402
2.2799999999999705,0.24999229703629827,0.166661531357532,0.08333076567876627,0.16666153135753253,-0.19836746749036882,-0.13224749976023478,-0.06611996773013404,-0.13223993546026808,0.19998988434243103,0.13335191294309712,0.06663797139933392,0.13327594279866783,-0.21972806939956546,-0.14622603125018158,-0.07350203814938389,-0.14700407629876777,0.09996446528413826,0.06664799654646983,0.03331646873766843,0.06663293747533686,0.29560832808700255,0.21352235570845116,0.08208597237855139,0.16417194475710278,-0.11834936928887,-0.07814576187623977,-0.040203607412630224,-0.08040721482526045,0.06359954164092402
2.2899999999999694,0.24999229703629827,0.166661531357532,0.08333076567876627,0.16666153135753253,-0.19836746749036882,-0.13224749976023478,-0.06611996773013404,-0.13223993546026808,0.19998988434243103,0.13335191294309712,0.06663797139933392,0.13327594279866783,-0.21972806939956546,-0.14622603125018158,-0.07350203814938389,-0.14700407629876777,0.09996446528413826,0.06664799654646983,0.03331646873766843,0.06663293747533686,0.29560832808700255,0.21352235570845116,0.08208597237855139,0.16417194475710278,-0.11834936928887,-0.07814576187623977,-0.040203607412630224,-0.08040721482526045,0.06359954164092402
2.2999999999999683,0.24999229703629827,0.166661531357532,0.08333076567876627,0.16666153135753253,-0.19836746749036882,-0.13224749976023478,-0.06611996773013404,-0.13223993546026808,0.19998988434243103,0.13335191294309712,0.06663797139933392,0.13327594279866783,-0.21972806939956546,-0.14622603125018158,-0.07350203814938389,-0.14700407629876777,0.09996446528413826,0.06664799654646983,0.03331646873766843,0.06663293747533686,0.29560832808700255,0.21352235570845116,0.08208597237855139,0.16417194475710278,-0.11834936928887,-0.07814576187623977,-0.040203607412630224,-0.08040721482526045,0.06359954164092402
2.309999999999967,0.24999229703629827,0.166661531357532,0.08333076567876627,0.16666153135753253,-0.19836746749036882,-0.13224749976023478,-0.06611996773013404,-0.13223993546026808,0.19998988434243103,0.13335191294309712,0.06663797139933392,0.13327594279866783,-0.21972806939956546,-0.14622603125018158,-0.07350203814938389,-0.14700407629876777,0.09996446528413826,0.06664799654646983,0.03331646873766843,0.06663293747533686,0.29560832808700255,0.21352235570845116,0.08208597237855139,0.16417194475710278,-0.11834936928887,-0.07814576187623977,-0.040203607412630224,-0.08040721482526045,0.06359954164092402
2.319999999999966,0.24999229703629827,0.166661531357532,0.08333076567876627,0.16666153135753253,-0.19836746749036882,-0.13224749976023478,-0.06611996773013404,-0.13223993546026808,0.19998988434243103,0.13335191294309712,0.06663797139933392,0.13327594279866783,-0.21972806939956546,-0.14622603125018158,-0.07350203814938389,-0.14700407629876777,0.09996446528413826,0.06664799654646983,0.03331646873766843,0.06663293747533686,0.29560832808700255,0.21352235570845116,0.08208597237855139,0.16417194475710278,-0.11834936928887,-0.07814576187623977,-0.040203607412630224,-0.08040721482526045,0.06359954164092402
2.329999999999965,0.24999229703629827,0.166661531357532,0.08333076567876627,0.16666153135753253,-0.19836746749036882,-0.13224749976023478,-0.06611996773013404,-0.13223993546026808,0.19998988434243103,0.13335191294309712,0.06663797139933392,0.13327594279866783,-0.21972806939956546,-0.14622603125018158,-0.07350203814938389,-0.14700407629876777,0.09996446528413826,0.06664799654646983,0.03331646873766843,0.06663293747533686,0.29560832808700255,0.21352235570845116,0.08208597237855139,0.16417194475710278,-0.11834936928887,-0.07814576187623977,-0.040203607412630224,-0.08040721482526045,0.06359954164092402
2.339999999999964,0.24999229703629827,0.166661531357532,0.08333076567876627,0.16666153135753253,-0.19836746749036882,-0.13224749976023478,-0.06611996773013404,-0.13223993546026808,0.19998988434243103,0.13335191294309712,0.06663797139933392,0.13327594279866783,-0.21972806939956546,-0.14622603125018158,-0.07350203814938389,-0.14700407629876777,0.09996446528413826,0.06664799654646983,0.03331646873766843,0.06663293747533686,0.29560832808700255,0.21352235570845116,0.08208597237855139,0.16417194475710278,-0.11834936928887,-0.07814576187623977,-0.040203607412630224,-0.08040721482526045,0.06359954164092402
2.349999999999963,0.24999229703629827,0.166661531357532,0.08333076567876627,0.16666153135753253,-0.19836746749036882,-0.13224749976023478,-0.06611996773013404,-0.13223993546026808,0.19998988434243103,0.13335191294309712,0.06663797139933392,0.13327594279866783,-0.21972806939956546,-0.14622603125018158,-0.07350203814938389,-0.14700407629876777,0.09996446528413826,0.06664799654646983,0.03331646873766843,0.06663293747533686,0.29560832808700255,0.21352235570845116,0.08208597237855139,0.16417194475710278,-0.11834936928887,-0.07814576187623977,-0.040203607412630224,-0.08040721482526045,0.06359954164092402
2.3599999999999617,0.24999229703629827,0.166661531357532,0.08333076567876627,0.16666153135753253,-0.19836746749036882,-0.13224749976023478,-0.06611996773013404,-0.13223993546026808,0.19998988434243103,0.13335191294309712,0.06663797139933392,0.13327594279866783,-0.21972806939956546,-0.14622603125018158,-0.07350203814938389,-0.14700407629876777,0.09996446528413826,0.06664799654646983,0.03331646873766843,0.06663293747533686,0.29560832808700255,0.21352235570845116,0.08208597237855139,0.16417194475710278,-0.11834936928887,-0.07814576187623977,-0.040203607412630224,-0.08040721482526045,0.06359954164092402
2.3699999999999606,0.24999229703629827,0.166661531357532,0.08333076567876627,0.16666153135753253,-0.19836746749036882,-0.13224749976023478,-0.06611996773013404,-0.13223993546026808,0.19998988434243103,0.13335191294309712,0.06663797139933392,0.13327594279866783,-0.21972806939956546,-0.14622603125018158,-0.07350203814938389,-0.14700407629876777,0.09996446528413826,0.06664799654646983,0.03331646873766843,0.06663293747533686,0.29560832808700255,0.21352235570845116,0.08208597237855139,0.16417194475710278,-0.11834936928887,-0.07814576187623977,-0.040203607412630224,-0.08040721482526045,0.06359954164092402
2.3799999999999595,0.24999229703629827,0.166661531357532,0.08333076567876627,0.16666153135753253,-0.19836746749036882,-0.13224749976023478,-0.06611996773013404,-0.13223993546026808,0.19998988434243103,0.13335191294309712,0.06663797139933392,0.13327594279866783,-0.21972806939956546,-0.14622603125018158,-0.07350203814938389,-0.14700407629876777,0.09996446528413826,0.06664799654646983,0.03331646873766843,0.06663293747533686,0.29560832808700255,0.21352235570845116,0.08208597237855139,0.16417194475710278,-0.11834936928887,-0.07814576187623977,-0.040203607412630224,-0.08040721482526045,0.06359954164092402
2.3899999999999584,0.24999229703629827,0.166661531357532,0.08333076567876627,0.16666153135753253,-0.19836746749036882,-0.13224749976023478,-0.06611996773013404,-0.13223993546026808,0.19998988434243103,0.13335191294309712,0.06663797139933392,0.13327594279866783,-0.21972806939956546,-0.14622603125018158,-0.07350203814938389,-0.14700407629876777,0.09996446528413826,0.06664799654646983,0.03331646873766843,0.06663293747533686,0.29560832808700255,0.21352235570845116,0.08208597237855139,0.16417194475710278,-0.11834936928887,-0.07814576187623977,-0.040203607412630224,-0.08040721482526045,0.06359954164092402
2.3999999999999573,0.24999229703629827,0.166661531357532,0.08333076567876627,0.16666153135753253,-0.19836746749036882,-0.13224749976023478,-0.06611996773013404,-0.13223993546026808,0.19998988434243103,0.13335191294309712,0.06663797139933392,0.13327594279866783,-0.21972806939956546,-0.14622603125018158,-0.07350203814938389,-0.14700407629876777,0.09996446528413826,0.06664799654646983,0.03331646873766843,0.06663293747533686,0.29560832808700255,0.21352235570845116,0.08208597237855139,0.16417194475710278,-0.11834936928887,-0.07814576187623977,-0.040203607412630224,-0.08040721482526045,0.06359954164092402
2.409999999999956,0.24999229703629827,0.166661531357532,0.08333076567876627,0.16666153135753253,-0.19836746749036882,-0.13224749976023478,-0.06611996773013404,-0.13223993546026808,0.19998988434243103,0.13335191294309712,0.06663797139933392,0.13327594279866783,-0.21972806939956546,-0.14622603125018158,-0.07350203814938389,-0.14700407629876777,0.09996446528413826,0.06664799654646983,0.03331646873766843,0.06663293747533686,0.29560832808700255,0.21352235570845116,0.08208597237855139,0.16417194475710278,-0.11834936928887,-0.07814576187623977,-0.040203607412630224,-0.08040721482526045,0.06359954164092402
2.419999999999955,0.24999229703629827,0.166661531357532,0.08333076567876627,0.16666153135753253,-0.19836746749036882,-0.13224749976023478,-0.06611996773013404,-0.13223993546026808,0.19998988434243103,0.13335191294309712,0.06663797139933392,0.13327594279866783,-0.21972806939956546,-0.14622603125018158,-0.07350203814938389,-0.14700407629876777,0.09996446528413826,0.06664799654646983,0.03331646873766843,0.06663293747533686,0.29560832808700255,0.21352235570845116,0.08208597237855139,0.16417194475710278,-0.11834936928887,-0.07814576187623977,-0.040203607412630224,-0.08040721482526045,0.06359954164092402
2.429999999999954,0.24999229703629827,0.166661531357532,0.08333076567876627,0.16666153135753253,-0.19836746749036882,-0.13224749976023478,-0.06611996773013404,-0.13223993546026808,0.19998988434243103,0.13335191294309712,0.06663797139933392,0.13327594279866783,-0.21972806939956546,-0.14622603125018158,-0.07350203814938389,-0.14700407629876777,0.09996446528413826,0.06664799654646983,0.03331646873766843,0.06663293747533686,0.29560832808700255,0.21352235570845116,0.08208597237855139,0.16417194475710278,-0.11834936928887,-0.07814576187623977,-0.040203607412630224,-0.08040721482526045,0.06359954164092402
2.439999999999953,0.24999229703629827,0.166661531357532,0.08333076567876627,0.16666153135753253,-0.19836746749036882,-0.13224749976023478,-0.06611996773013404,-0.13223993546026808,0.19998988434243103,0.13335191294309712,0.06663797139933392,0.13327594279866783,-0.21972806939956546,-0.14622603125018158,-0.07350203814938389,-0.14700407629876777,0.09996446528413826,0.06664799654646983,0.03331646873766843,0.06663293747533686,0.29560832808700255,0.21352235570845116,0.08208597237855139,0.16417194475710278,-0.11834936928887,-0.07814576187623977,-0.040203607412630224,-0.08040721482526045,0.06359954164092402
2.4499999999999518,0.24999229703629827,0.166661531357532,0.08333076567876627,0.16666153135753253,-0.19836746749036882,-0.13224749976023478,-0.06611996773013404,-0.13223993546026808,0.19998988434243103,0.13335191294309712,0.06663797139933392,0.13327594279866783,-0.21972806939956546,-0.14622603125018158,-0.07350203814938389,-0.14700407629876777,0.09996446528413826,0.06664799654646983,0.03331646873766843,0.06663293747533686,0.29560832808700255,0.21352235570845116,0.08208597237855139,0.16417194475710278,-0.11834936928887,-0.07814576187623977,-0.040203607412630224,-0.08040721482526045,0.06359954164092402
2.4599999999999507,0.24999229703629827,0.166661531357532,0.08333076567876627,0.16666153135753253,-0.19836746749036882,-0.13224749976023478,-0.06611996773013404,-0.13223993546026808,0.19998988434243103,0.13335191294309712,0.06663797139933392,0.13327594279866783,-0.21972806939956546,-0.14622603125018158,-0.07350203814938389,-0.14700407629876777,0.09996446528413826,0.06664799654646983,0.03331646873766843,0.06663293747533686,0.29560832808700255,0.21352235570845116,0.08208597237855139,0.16417194475710278,-0.11834936928887,-0.07814576187623977,-0.040203607412630224,-0.08040721482526045,0.06359954164092402
2.4699999999999496,0.24999229703629827,0.166661531357532,0.08333076567876627,0.16666153135753253,-0.19836746749036882,-0.13224749976023478,-0.06611996773013404,-0.13223993546026808,0.19998988434243103,0.13335191294309712,0.06663797139933392,0.13327594279866783,-0.21972806939956546,-0.14622603125018158,-0.07350203814938389,-0.14700407629876777,0.09996446528413826,0.06664799654646983,0.03331646873766843,0.06663293747533686,0.29560832808700255,0.21352235570845116,0.08208597237855139,0.16417194475710278,-0.11834936928887,-0.07814576187623977,-0.040203607412630224,-0.08040721482526045,0.06359954164092402
2.4799999999999485,0.24999229703629827,0.166661531357532,0.08333076567876627,0.16666153135753253,-0.19836746749036882,-0.13224749976023478,-0.06611996773013404,-0.13223993546026808,0.19998988434243103,0.13335191294309712,0.06663797139933392,0.13327594279866783,-0.21972806939956546,-0.14622603125018158,-0.07350203814938389,-0.14700407629876777,0.09996446528413826,0.06664799654646983,0.03331646873766843,0.06663293747533686,0.29560832808700255,0.21352235570845116,0.08208597237855139,0.16417194475710278,-0.11834936928887,-0.07814576187623977,-0.040203607412630224,-0.08040721482526045,0.06359954164092402
2.4899999999999474,0.24999229703629827,0.166661531357532,0.08333076567876627,0.16666153135753253,-0.19836746749036882,-0.13224749976023478,-0.06611996773013404,-0.13223993546026808,0.19998988434243103,0.13335191294309712,0.06663797139933392,0.13327594279866783,-0.21972806939956546,-0.14622603125018158,-0.07350203814938389,-0.14700407629876777,0.09996446528413826,0.06664799654646983,0.03331646873766843,0.06663293747533686,0.29560832808700255,0.21352235570845116,0.08208597237855139,0.16417194475710278,-0.11834936928887,-0.07814576187623977,-0.040203607412630224,-0.08040721482526045,0.06359954164092402
2.4999999999999463,0.24999229703629827,0.166661531357532,0.08333076567876627,0.16666153135753253,-0.19836746749036882,-0.13224749976023478,-0.06611996773013404,-0.13223993546026808,0.19998988434243103,0.13335191294309712,0.06663797139933392,0.13327594279866783,-0.21972806939956546,-0.14622603125018158,-0.07350203814938389,-0.14700407629876777,0.09996446528413826,0.06664799654646983,0.03331646873766843,0.06663293747533686,0.29560832808700255,0.21352235570845116,0.08208597237855139,0.16417194475710278,-0.11834936928887,-0.07814576187623977,-0.040203607412630224,-0.08040721482526045,0.06359954164092402
2.509999999999945,0.24999229703629827,0.166661531357532,0.08333076567876627,0.16666153135753253,-0.19836746749036882,-0.13224749976023478,-0.06611996773013404,-0.13223993546026808,0.19998988434243103,0.13335191294309712,0.06663797139933392,0.13327594279866783,-0.21972806939956546,-0.14622603125018158,-0.07350203814938389,-0.14700407629876777,0.09996446528413826,0.06664799654646983,0.03331646873766843,0.06663293747533686,0.29560832808700255,0.21352235570845116,0.08208597237855139,0.16417194475710278,-0.11834936928887,-0.07814576187623977,-0.040203607412630224,-0.08040721482526045,0.06359954164092402
2.519999999999944,0.24999229703629827,0.166661531357532,0.08333076567876627,0.16666153135753253,-0.19836746749036882,-0.13224749976023478,-0.06611996773013404,-0.13223993546026808,0.19998988434243103,0.13335191294309712,0.06663797139933392,0.13327594279866783,-0.21972806939956546,-0.14622603125018158,-0.07350203814938389,-0.14700407629876777,0.09996446528413826,0.06664799654646983,0.03331646873766843,0.06663293747533686,0.29560832808700255,0.21352235570845116,0.08208597237855139,0.16417194475710278,-0.11834936928887,-0.07814576187623977,-0.040203607412630224,-0.08040721482526045,0.06359954164092402
2.529999999999943,0.24999229703629827,0.166661531357532,0.08333076567876627,0.16666153135753253,-0.19836746749036882,-0.13224749976023478,-0.06611996773013404,-0.13223993546026808,0.19998988434243103,0.13335191294309712,0.06663797139933392,0.13327594279866783,-0.21972806939956546,-0.14622603125018158,-0.07350203814938389,-0.14700407629876777,0.09996446528413826,0.06664799654646983,0.03331646873766843,0.06663293747533686,0.29560832808700255,0.21352235570845116,0.08208597237855139,0.16417194475710278,-0.11834936928887,-0.07814576187623977,-0.040203607412630224,-0.08040721482526045,0.06359954164092402
2.539999999999942,0.24999229703629827,0.166661531357532,0.08333076567876627,0.16666153135753253,-0.19836746749036882,-0.13224749976023478,-0.06611996773013404,-0.13223993546026808,0.19998988434243103,0.13335191294309712,0.06663797139933392,0.13327594279866783,-0.21972806939956546,-0.14622603125018158,-0.07350203814938389,-0.14700407629876777,0.09996446528413826,0.06664799654646983,0.03331646873766843,0.06663293747533686,0.29560832808700255,0.21352235570845116,0.08208597237855139,0.16417194475710278,-0.11834936928887,-0.07814576187623977,-0.040203607412630224,-0.08040721482526045,0.06359954164092402
2.5499999999999408,0.24999229703629827,0.166661531357532,0.08333076567876627,0.16666153135753253,-0.19836746749036882,-0.13224749976023478,-0.06611996773013404,-0.13223993546026808,0.19998988434243103,0.13335191294309712,0.06663797139933392,0.13327594279866783,-0.21972806939956546,-0.14622603125018158,-0.07350203814938389,-0.14700407629876777,0.09996446528413826,0.06664799654646983,0.03331646873766843,0.06663293747533686,0.29560832808700255,0.21352235570845116,0.08208597237855139,0.16417194475710278,-0.11834936928887,-0.07814576187623977,-0.040203607412630224,-0.08040721482526045,0.06359954164092402
2.5599999999999397,0.24999229703629827,0.166661531357532,0.08333076567876627,0.16666153135753253,-0.19836746749036882,-0.13224749976023478,-0.06611996773013404,-0.13223993546026808,0.19998988434243103,0.13335191294309712,0.06663797139933392,0.13327594279866783,-0.21972806939956546,-0.14622603125018158,-0.07350203814938389,-0.14700407629876777,0.09996446528413826,0.06664799654646983,0.03331646873766843,0.06663293747533686,0.29560832808700255,0.21352235570845116,0.08208597237855139,0.16417194475710278,-0.11834936928887,-0.07814576187623977,-0.040203607412630224,-0.08040721482526045,0.06359954164092402
2.5699999999999386,0.24999229703629827,0.166661531357532,0.08333076567876627,0.16666153135753253,-0.19836746749036882,-0.13224749976023478,-0.06611996773013404,-0.13223993546026808,0.19998988434243103,0.13335191294309712,0.06663797139933392,0.13327594279866783,-0.21972806939956546,-0.14622603125018158,-0.07350203814938389,-0.14700407629876777,0.09996446528413826,0.06664799654646983,0.03331646873766843,0.06663293747533686,0.29560832808700255,0.21352235570845116,0.08208597237855139,0.16417194475710278,-0.11834936928887,-0.07814576187623977,-0.040203607412630224,-0.08040721482526045,0.06359954164092402
2.5799999999999375,0.24999229703629827,0.166661531357532,0.08333076567876627,0.16666153135753253,-0.19836746749036882,-0.13224749976023478,-0.06611996773013404,-0.13223993546026808,0.19998988434243103,0.13335191294309712,0.06663797139933392,0.13327594279866783,-0.21972806939956546,-0.14622603125018158,-0.07350203814938389,-0.14700407629876777,0.09996446528413826,0.06664799654646983,0.03331646873766843,0.06663293747533686,0.29560832808700255,0.21352235570845116,0.08208597237855139,0.16417194475710278,-0.11834936928887,-0.07814576187623977,-0.040203607412630224,-0.08040721482526045,0.06359954164092402
2.5899999999999364,0.24999229703629827,0.166661531357532,0.08333076567876627,0.16666153135753253,-0.19836746749036882,-0.13224749976023478,-0.06611996773013404,-0.13223993546026808,0.19998988434243103,0.13335191294309712,0.06663797139933392,0.13327594279866783,-0.21972806939956546,-0.14622603125018158,-0.07350203814938389,-0.14700407629876777,0.09996446528413826,0.06664799654646983,0.03331646873766843,0.06663293747533686,0.29560832808700255,0.21352235570845116,0.08208597237855139,0.16417194475710278,-0.11834936928887,-0.07814576187623977,-0.040203607412630224,-0.08040721482526045,0.06359954164092402
2.5999999999999353,0.24999229703629827,0.166661531357532,0.08333076567876627,0.16666153135753253,-0.19836746749036882,-0.13224749976023478,-0.06611996773013404,-0.13223993546026808,0.19998988434243103,0.13335191294309712,0.06663797139933392,0.13327594279866783,-0.21972806939956546,-0.14622603125018158,-0.07350203814938389,-0.14700407629876777,0.09996446528413826,0.06664799654646983,0.03331646873766843,0.06663293747533686,0.29560832808700255,0.21352235570845116,0.08208597237855139,0.16417194475710278,-0.11834936928887,-0.07814576187623977,-0.040203607412630224,-0.08040721482526045,0.06359954164092402
